PropertyID,Location,PropertyType,SizeInSqFt,Bedrooms,Bathrooms,YearBuilt,GarageSpaces,LotSize,NearbySchools,MarketTrend,SellingPrice
1,Downtown,Condo,1217.0,2.0,1.0,1959,0,2273.0,4,1,391780.0
2,Beachfront,Single Family,2385.0,5.0,3.0,2006,1,1631.0,5,1,1195998.0
3,Suburbs,Single Family,2405.0,6.0,3.0,1986,3,3800.0,1,1,736928.0
4,Suburbs,Single Family,1790.0,2.0,2.0,2013,1,4347.0,7,1,528240.0
5,Downtown,Single Family,2563.0,5.0,2.0,1989,3,3320.0,7,1,958097.0
6,Downtown,Single Family,2278.0,4.0,2.0,2009,3,1000.0,8,0,850575.0
7,Downtown,Condo,789.0,1.0,1.0,1997,0,3644.0,6,0,275421.0
8,Countryside,Condo,943.0,2.0,1.0,1968,1,8315.0,7,0,177003.0
9,Suburbs,Condo,500.0,,1.0,2021,2,4403.0,7,0,201774.0
10,Suburbs,Condo,1022.0,1.0,1.0,1982,2,,1,-1,254662.0
11,Downtown,Townhouse,891.0,1.0,1.0,1993,1,1000.0,4,0,336483.0
12,Beachfront,Condo,,1.0,1.0,1986,3,,6,0,376613.0
13,Countryside,Townhouse,743.0,1.0,1.0,1985,0,7522.0,7,0,159362.0
14,Downtown,Single Family,2533.0,5.0,2.0,1970,0,2117.0,2,1,874854.0
15,Downtown,Single Family,2011.0,4.0,2.0,1951,1,,7,0,762222.0
16,Downtown,Single Family,2660.0,5.0,2.0,1980,1,2537.0,6,-1,920504.0
17,Downtown,Condo,739.0,1.0,1.0,1979,0,,6,1,276940.0
18,Suburbs,Townhouse,687.0,2.0,1.0,1993,1,6216.0,4,0,253316.0
19,Suburbs,Single Family,1865.0,4.0,2.0,1961,0,5150.0,6,-1,556072.0
20,Downtown,Townhouse,1570.0,3.0,2.0,2000,1,3599.0,1,0,521954.0
21,Suburbs,Single Family,2153.0,3.0,1.0,1998,2,4327.0,2,0,556266.0
22,Downtown,Townhouse,1035.0,2.0,1.0,1973,2,1000.0,7,1,452104.0
23,Downtown,Single Family,2248.0,3.0,1.0,1973,1,1000.0,5,0,754880.0
24,Downtown,Single Family,,3.0,1.0,2009,1,1894.0,5,-1,749829.0
25,Suburbs,Single Family,2535.0,5.0,3.0,1960,1,3765.0,4,0,728183.0
26,Suburbs,Single Family,2634.0,6.0,3.0,1962,0,3751.0,6,1,790068.0
27,Downtown,Single Family,2092.0,5.0,4.0,2021,1,3034.0,2,0,829442.0
28,Suburbs,Single Family,1802.0,4.0,1.0,2021,0,3277.0,5,1,541042.0
29,Suburbs,Townhouse,1075.0,1.0,1.0,2013,2,5103.0,6,-1,303147.0
30,Downtown,Condo,978.0,1.0,1.0,1969,3,1916.0,6,1,376642.0
31,Suburbs,Single Family,1910.0,4.0,2.0,2021,1,5092.0,10,1,620947.0
32,Downtown,Condo,612.0,1.0,1.0,2022,2,3384.0,5,1,276529.0
33,Downtown,Condo,1003.0,1.0,1.0,2020,0,1174.0,5,0,315632.0
34,Countryside,Single Family,2185.0,4.0,3.0,1977,1,9384.0,6,1,453547.0
35,Beachfront,Single Family,2209.0,4.0,2.0,1951,2,1000.0,3,0,1052613.0
36,Countryside,Single Family,1972.0,4.0,2.0,1992,1,8650.0,8,1,422859.0
37,Downtown,Single Family,2130.0,2.0,2.0,1957,0,3476.0,6,0,701915.0
38,Downtown,Condo,622.0,1.0,1.0,1962,2,1000.0,3,-1,250090.0
39,Suburbs,Single Family,2467.0,6.0,2.0,1984,2,4964.0,7,0,740520.0
40,Suburbs,Condo,1210.0,3.0,1.0,1972,2,4883.0,1,0,328696.0
41,Downtown,Condo,500.0,1.0,1.0,1995,2,,10,0,269240.0
42,Suburbs,Single Family,1921.0,4.0,2.0,1964,3,6711.0,8,0,626592.0
43,Downtown,Condo,500.0,1.0,1.0,1951,0,1236.0,6,0,213135.0
44,Countryside,Single Family,2004.0,3.0,2.0,2010,0,6815.0,3,1,372248.0
45,Downtown,Townhouse,1174.0,1.0,1.0,2013,1,2079.0,4,-1,380881.0
46,Suburbs,Single Family,1765.0,5.0,3.0,2001,0,6124.0,4,0,569187.0
47,Downtown,Townhouse,923.0,3.0,2.0,1985,1,2558.0,4,1,428903.0
48,Suburbs,Condo,598.0,1.0,1.0,2016,1,5034.0,6,0,208621.0
49,Suburbs,Single Family,2262.0,5.0,2.0,2018,1,4770.0,9,0,694632.0
50,Downtown,Condo,920.0,,1.0,2016,0,1000.0,6,0,329001.0
51,Beachfront,Townhouse,983.0,1.0,1.0,1996,3,2585.0,7,0,548324.0
52,Suburbs,Condo,953.0,1.0,1.0,1951,0,5705.0,7,-1,254582.0
53,Countryside,Townhouse,1035.0,3.0,2.0,1993,1,7307.0,8,0,248694.0
54,Countryside,Townhouse,1118.0,1.0,1.0,2013,2,7535.0,1,1,193697.0
55,Suburbs,Single Family,2702.0,6.0,3.0,1977,2,3951.0,6,0,799130.0
56,Countryside,Single Family,2602.0,5.0,3.0,2003,1,8868.0,7,-1,473709.0
57,Downtown,Condo,510.0,,1.0,2016,0,1634.0,8,1,276169.0
58,Downtown,Single Family,2448.0,4.0,3.0,1985,1,1850.0,9,0,910017.0
59,Downtown,Townhouse,1443.0,3.0,1.0,2012,0,2629.0,7,-1,502910.0
60,Downtown,Townhouse,855.0,1.0,1.0,1974,0,2326.0,4,1,328835.0
61,Downtown,Single Family,2445.0,,2.0,1997,1,2563.0,6,-1,827726.0
62,Downtown,Single Family,,6.0,,1988,1,2174.0,1,1,960223.0
63,Countryside,Condo,563.0,2.0,1.0,1996,1,8197.0,7,0,171312.0
64,Downtown,Single Family,1924.0,3.0,2.0,1970,1,2187.0,6,1,732876.0
65,Downtown,Townhouse,,1.0,1.0,1979,3,2452.0,7,0,505498.0
66,Suburbs,Single Family,2281.0,4.0,2.0,1980,3,5501.0,9,-1,666181.0
67,Downtown,Condo,1065.0,,1.0,1975,1,1000.0,7,0,370080.0
68,Countryside,Single Family,2302.0,5.0,2.0,1971,0,,5,1,440712.0
69,Downtown,Condo,1017.0,2.0,1.0,1970,1,,3,1,356300.0
70,Beachfront,Single Family,,3.0,,1950,0,2451.0,8,0,855413.0
71,Suburbs,Condo,1214.0,,2.0,1986,1,6597.0,3,1,358770.0
72,Downtown,Single Family,2550.0,6.0,2.0,1995,1,1186.0,3,-1,880373.0
73,Downtown,Condo,831.0,1.0,1.0,1958,1,2878.0,4,-1,264382.0
74,Countryside,Townhouse,1186.0,1.0,1.0,1966,1,7431.0,6,-1,201753.0
75,Suburbs,Single Family,1740.0,3.0,1.0,1996,0,6370.0,3,1,497770.0
76,Suburbs,Single Family,2354.0,,2.0,2008,1,,9,1,693040.0
77,Suburbs,Single Family,2371.0,5.0,3.0,2003,1,3251.0,10,0,760122.0
78,Downtown,Condo,881.0,2.0,1.0,1961,1,,10,1,380337.0
79,Downtown,Condo,1237.0,1.0,1.0,2013,1,1000.0,1,0,354554.0
80,Downtown,Condo,799.0,1.0,1.0,1955,1,1000.0,9,0,317036.0
81,Countryside,Single Family,2369.0,5.0,2.0,2002,1,,10,-1,470760.0
82,Suburbs,Single Family,,5.0,2.0,1965,1,5624.0,9,1,646890.0
83,Downtown,Condo,892.0,2.0,1.0,1954,0,2436.0,7,-1,293188.0
84,Downtown,Single Family,2147.0,5.0,2.0,2022,0,2801.0,7,0,799778.0
85,Downtown,Townhouse,1267.0,3.0,2.0,1995,1,2607.0,3,0,465396.0
86,Downtown,Single Family,2089.0,5.0,2.0,1963,0,2485.0,8,-1,766158.0
87,Suburbs,Condo,860.0,3.0,1.0,1993,1,5111.0,2,0,255314.0
88,Suburbs,Single Family,2447.0,4.0,3.0,2012,2,4869.0,5,-1,680523.0
89,Countryside,Single Family,2068.0,4.0,2.0,2001,3,9019.0,10,1,459941.0
90,Suburbs,Condo,500.0,1.0,1.0,1975,3,5012.0,6,0,211916.0
91,Downtown,Condo,1424.0,3.0,1.0,2002,0,2525.0,3,0,403901.0
92,Suburbs,Townhouse,1614.0,5.0,2.0,1978,3,2669.0,10,1,556140.0
93,Suburbs,Single Family,1812.0,3.0,1.0,1968,1,3824.0,10,0,537879.0
94,Suburbs,Single Family,2406.0,3.0,1.0,1996,1,5980.0,3,1,625622.0
95,Suburbs,Condo,749.0,1.0,1.0,1957,0,4331.0,8,-1,221937.0
96,Suburbs,Condo,979.0,2.0,1.0,1972,2,3604.0,5,-1,267496.0
97,Suburbs,Single Family,2288.0,5.0,2.0,1984,0,5641.0,5,-1,648173.0
98,Suburbs,Single Family,2129.0,5.0,3.0,2002,2,,4,1,681020.0
99,Downtown,Single Family,1964.0,3.0,2.0,2007,0,1593.0,1,1,672358.0
100,Downtown,Townhouse,,1.0,1.0,1954,1,3509.0,4,0,348804.0
101,Downtown,Single Family,,4.0,2.0,1965,1,3337.0,2,0,703031.0
102,Suburbs,Single Family,1950.0,3.0,2.0,1966,0,4812.0,9,-1,559606.0
103,Downtown,Single Family,2179.0,6.0,4.0,1981,0,2722.0,7,-1,876165.0
104,Suburbs,Single Family,1985.0,4.0,1.0,2001,1,2761.0,8,0,588363.0
105,Countryside,Single Family,2404.0,5.0,3.0,1969,0,9093.0,7,-1,452080.0
106,Downtown,Condo,1346.0,2.0,2.0,2015,1,1000.0,3,0,414310.0
107,Suburbs,Single Family,2025.0,4.0,2.0,1950,1,3547.0,9,0,625266.0
108,Suburbs,Townhouse,1271.0,2.0,1.0,2007,2,3214.0,8,1,396851.0
109,Downtown,Single Family,2349.0,6.0,2.0,1993,1,1000.0,5,0,879891.0
110,Downtown,Condo,1041.0,2.0,1.0,1955,0,3080.0,3,0,326134.0
111,Downtown,Townhouse,1222.0,2.0,1.0,1999,1,2631.0,7,0,444617.0
112,Downtown,Condo,1122.0,3.0,2.0,2021,0,,7,-1,395655.0
113,Countryside,Condo,1044.0,2.0,2.0,1969,3,8854.0,8,1,238761.0
114,Countryside,Single Family,1828.0,4.0,,1963,2,7405.0,2,-1,353522.0
115,Suburbs,Single Family,2460.0,5.0,2.0,1954,1,5323.0,3,-1,677909.0
116,Countryside,Condo,1166.0,2.0,1.0,1990,0,7517.0,6,0,185421.0
117,Countryside,Townhouse,971.0,2.0,1.0,1989,2,7880.0,7,1,234647.0
118,Downtown,Condo,911.0,1.0,1.0,1983,2,1091.0,1,-1,278639.0
119,Countryside,Condo,1104.0,4.0,2.0,1994,2,7240.0,5,-1,222744.0
120,Suburbs,Condo,,3.0,,2020,2,5544.0,6,-1,295154.0
121,Countryside,Single Family,2521.0,5.0,3.0,2020,1,8704.0,7,0,470393.0
122,Countryside,Single Family,2909.0,5.0,3.0,1976,0,,5,0,512006.0
123,Downtown,Condo,664.0,1.0,1.0,1993,1,1000.0,6,-1,261609.0
124,Downtown,Townhouse,785.0,1.0,1.0,1982,1,4471.0,8,1,365146.0
125,Downtown,Single Family,2291.0,5.0,2.0,1982,1,2036.0,10,1,894509.0
126,Suburbs,Condo,1116.0,2.0,2.0,1993,1,5312.0,4,0,306394.0
127,Countryside,Single Family,2130.0,5.0,2.0,1969,0,6738.0,4,0,440103.0
128,Countryside,Condo,1335.0,4.0,2.0,1985,1,9215.0,9,0,270914.0
129,Downtown,Single Family,1798.0,4.0,2.0,1956,1,3367.0,5,0,686555.0
130,Suburbs,Single Family,2407.0,4.0,3.0,1981,0,3291.0,7,0,695246.0
131,Suburbs,Condo,718.0,2.0,2.0,2016,1,4897.0,7,-1,245590.0
132,Downtown,Single Family,2715.0,6.0,3.0,1988,2,,4,0,985918.0
133,Downtown,Condo,1497.0,6.0,3.0,1973,2,4388.0,7,0,579191.0
134,Downtown,Condo,670.0,1.0,1.0,2019,1,3443.0,7,-1,260886.0
135,Countryside,Townhouse,1035.0,2.0,1.0,2003,1,6549.0,6,-1,196706.0
136,Downtown,Single Family,2457.0,3.0,2.0,1987,0,1271.0,2,-1,768574.0
137,Suburbs,Single Family,2083.0,5.0,3.0,1981,1,4107.0,10,1,691746.0
138,Suburbs,Single Family,2186.0,4.0,2.0,1994,1,5371.0,6,-1,607391.0
139,Downtown,Townhouse,1207.0,4.0,2.0,2010,1,3572.0,7,1,534190.0
140,Beachfront,Townhouse,624.0,1.0,1.0,2019,2,2109.0,8,0,438938.0
141,Beachfront,Condo,895.0,1.0,1.0,2002,1,2501.0,6,1,447222.0
142,Downtown,Townhouse,993.0,1.0,1.0,2000,0,1335.0,7,0,345104.0
143,Suburbs,Condo,752.0,1.0,1.0,2005,0,5495.0,10,1,239217.0
144,Downtown,Condo,,3.0,3.0,1976,1,1528.0,5,-1,443107.0
145,Downtown,Single Family,1823.0,1.0,,1987,1,1000.0,6,0,601535.0
146,Downtown,Condo,1143.0,2.0,1.0,2011,2,2430.0,9,-1,383911.0
147,Suburbs,Single Family,2116.0,2.0,1.0,1967,1,4990.0,3,0,547592.0
148,Suburbs,Townhouse,1116.0,1.0,1.0,2013,1,3902.0,1,0,301036.0
149,Downtown,Condo,1137.0,3.0,1.0,1979,1,3645.0,9,0,429181.0
150,Downtown,Condo,1002.0,2.0,2.0,1998,1,,8,0,376828.0
151,Countryside,Single Family,2371.0,4.0,2.0,1990,1,8609.0,10,-1,446457.0
152,Downtown,Single Family,2490.0,5.0,3.0,1962,1,1637.0,2,0,878434.0
153,Downtown,Single Family,2100.0,5.0,3.0,1983,1,3543.0,3,0,813050.0
154,Suburbs,Single Family,2016.0,5.0,2.0,1974,0,4762.0,3,-1,568020.0
155,Beachfront,Single Family,1874.0,2.0,1.0,2015,2,1000.0,7,1,905861.0
156,Downtown,Townhouse,952.0,2.0,1.0,1967,1,2810.0,7,1,399666.0
157,Suburbs,Condo,1784.0,1.0,1.0,1954,0,6539.0,5,1,367806.0
158,Suburbs,Single Family,2573.0,5.0,1.0,1968,0,4572.0,2,1,692361.0
159,Downtown,Single Family,1794.0,3.0,1.0,1991,0,2678.0,7,-1,613846.0
160,Suburbs,Single Family,1803.0,4.0,2.0,1967,1,5129.0,6,1,574223.0
161,Downtown,Condo,1044.0,2.0,1.0,1981,0,1617.0,3,0,330712.0
162,Suburbs,Condo,1064.0,1.0,1.0,1970,0,5840.0,9,-1,267627.0
163,Suburbs,Townhouse,1364.0,2.0,1.0,1959,1,4199.0,3,1,370969.0
164,Suburbs,Single Family,2123.0,5.0,3.0,1986,1,5032.0,7,-1,663566.0
165,Downtown,Townhouse,1162.0,1.0,1.0,1998,0,2257.0,8,0,399481.0
166,Countryside,Townhouse,1298.0,2.0,1.0,1962,1,8221.0,6,-1,240653.0
167,Downtown,Single Family,2225.0,4.0,2.0,2004,2,1224.0,4,0,804298.0
168,Downtown,Townhouse,534.0,1.0,1.0,1966,3,4059.0,5,0,299860.0
169,Downtown,Single Family,2131.0,4.0,1.0,1958,1,3262.0,8,0,777278.0
170,Suburbs,Townhouse,944.0,1.0,1.0,1993,0,5990.0,4,-1,258820.0
171,Suburbs,Single Family,2252.0,6.0,3.0,1995,2,6433.0,7,0,728104.0
172,Downtown,Townhouse,2095.0,3.0,1.0,1957,1,2068.0,10,0,661311.0
173,Suburbs,Townhouse,1310.0,1.0,1.0,1986,0,4628.0,10,-1,360571.0
174,Downtown,Townhouse,1105.0,,1.0,1968,2,1000.0,6,1,463946.0
175,Suburbs,Condo,1176.0,1.0,1.0,2012,1,4296.0,8,0,295406.0
176,Downtown,Single Family,2344.0,,2.0,1995,3,1000.0,10,1,906564.0
177,Suburbs,Single Family,,4.0,3.0,2020,2,4471.0,5,-1,665524.0
178,Downtown,Single Family,2382.0,4.0,,1975,1,2276.0,4,0,813798.0
179,Countryside,Single Family,2816.0,6.0,3.0,1995,2,8914.0,3,-1,530553.0
180,Downtown,Condo,,1.0,1.0,1995,1,2886.0,3,0,261074.0
181,Downtown,Single Family,2342.0,5.0,3.0,1963,1,,8,-1,894953.0
182,Downtown,Townhouse,922.0,1.0,1.0,2012,2,2689.0,6,0,383455.0
183,Countryside,Condo,1066.0,1.0,1.0,2021,1,9143.0,8,0,194187.0
184,Countryside,Townhouse,924.0,1.0,1.0,1952,2,,7,-1,183825.0
185,Downtown,Single Family,2074.0,4.0,2.0,1977,2,3197.0,7,0,799368.0
186,Suburbs,Townhouse,1111.0,2.0,2.0,1978,3,5875.0,7,1,362578.0
187,Countryside,Townhouse,,3.0,1.0,1967,2,6735.0,1,-1,265908.0
188,Suburbs,Single Family,2475.0,5.0,2.0,1984,1,7191.0,8,1,744978.0
189,Suburbs,Condo,526.0,1.0,1.0,1996,0,4284.0,6,1,197514.0
190,Downtown,Condo,916.0,1.0,1.0,1954,2,2957.0,6,0,343593.0
191,Downtown,Single Family,1987.0,4.0,3.0,2008,0,2921.0,1,1,717742.0
192,Countryside,Condo,522.0,1.0,1.0,2008,0,,9,1,156006.0
193,Countryside,Single Family,2134.0,3.0,2.0,1996,0,8178.0,9,0,402423.0
194,Suburbs,Single Family,2107.0,5.0,2.0,1962,2,5908.0,6,0,669507.0
195,Downtown,Single Family,2928.0,6.0,3.0,1982,2,1000.0,6,0,1066201.0
196,Downtown,Single Family,2329.0,4.0,1.0,2011,1,2099.0,7,0,824140.0
197,Suburbs,Single Family,,4.0,3.0,1965,1,5992.0,4,0,576754.0
198,Countryside,Single Family,2030.0,6.0,3.0,1993,1,9057.0,4,1,454919.0
199,Countryside,Townhouse,1506.0,2.0,1.0,2007,1,7602.0,7,1,291661.0
200,Suburbs,Condo,1526.0,3.0,2.0,1955,1,6544.0,3,-1,369554.0
201,Suburbs,Townhouse,724.0,1.0,1.0,1964,1,6305.0,6,-1,247023.0
202,Downtown,Single Family,1636.0,4.0,2.0,1953,1,2241.0,6,1,682964.0
203,Downtown,Single Family,2761.0,6.0,3.0,2005,1,1341.0,5,-1,974142.0
204,Countryside,Condo,1016.0,2.0,,2013,1,6834.0,3,0,186269.0
205,Suburbs,Single Family,1939.0,2.0,1.0,2017,1,5377.0,5,-1,506967.0
206,Downtown,Single Family,2360.0,5.0,2.0,1983,3,3464.0,5,-1,880569.0
207,Downtown,Condo,500.0,2.0,1.0,2005,0,1852.0,6,-1,238078.0
208,Suburbs,Single Family,2201.0,5.0,3.0,1981,1,4140.0,7,0,676394.0
209,Downtown,Condo,998.0,2.0,1.0,1958,1,2824.0,10,-1,378430.0
210,Downtown,Condo,,1.0,1.0,2012,0,2174.0,3,0,332633.0
211,Suburbs,Single Family,1895.0,4.0,1.0,2021,1,5515.0,8,0,567088.0
212,Suburbs,Single Family,2225.0,,2.0,1982,0,4474.0,4,0,653890.0
213,Suburbs,Condo,622.0,1.0,1.0,1970,1,4630.0,6,1,228267.0
214,Downtown,Single Family,2276.0,5.0,3.0,2004,1,1470.0,6,0,883488.0
215,Suburbs,Single Family,1931.0,3.0,2.0,2006,2,5499.0,6,0,572591.0
216,Downtown,Townhouse,1077.0,1.0,1.0,1951,1,1660.0,7,0,389192.0
217,Downtown,Single Family,1901.0,4.0,3.0,1962,0,2592.0,5,0,717135.0
218,Suburbs,Condo,1095.0,2.0,1.0,1953,2,4378.0,5,1,305331.0
219,Suburbs,Townhouse,1457.0,1.0,1.0,1999,0,5497.0,8,0,367137.0
220,Countryside,Single Family,2129.0,6.0,3.0,1997,2,8703.0,4,0,465830.0
221,Suburbs,Single Family,2211.0,5.0,2.0,1979,3,5331.0,3,1,670707.0
222,Suburbs,Single Family,1765.0,3.0,1.0,1978,1,,1,0,479367.0
223,Downtown,Single Family,2110.0,3.0,,1957,3,1518.0,4,-1,738966.0
224,Downtown,Single Family,2184.0,4.0,2.0,1961,2,2692.0,6,0,776691.0
225,Downtown,Condo,1686.0,3.0,1.0,1990,3,2233.0,6,1,541802.0
226,Downtown,Single Family,1866.0,4.0,1.0,1975,1,1190.0,4,0,669096.0
227,Beachfront,Condo,1339.0,2.0,1.0,1999,0,1000.0,2,1,512948.0
228,Downtown,Townhouse,1499.0,1.0,1.0,1951,2,1000.0,7,0,507233.0
229,Countryside,Townhouse,1284.0,2.0,1.0,2004,0,5791.0,7,0,239715.0
230,Suburbs,Condo,1427.0,2.0,1.0,2005,0,5426.0,10,1,390570.0
231,Suburbs,Single Family,2311.0,5.0,3.0,1963,0,4675.0,9,0,710268.0
232,Suburbs,Condo,1016.0,1.0,1.0,1955,1,5087.0,9,1,281704.0
233,Suburbs,Condo,,3.0,2.0,2010,1,4819.0,7,1,319577.0
234,Suburbs,Single Family,2567.0,4.0,2.0,1961,2,5581.0,7,1,743299.0
235,Downtown,Single Family,,6.0,,1962,3,2610.0,3,-1,971219.0
236,Suburbs,Townhouse,1012.0,,1.0,1968,0,5042.0,7,-1,280847.0
237,Downtown,Single Family,1804.0,4.0,2.0,1993,3,2103.0,2,1,704090.0
238,Downtown,Single Family,2139.0,5.0,1.0,2008,3,2143.0,8,0,830776.0
239,Suburbs,Single Family,1959.0,5.0,3.0,1986,0,6391.0,6,0,639676.0
240,Downtown,Single Family,2180.0,4.0,3.0,1974,1,,7,-1,798033.0
241,Countryside,Townhouse,1571.0,1.0,1.0,1965,2,7329.0,2,-1,240882.0
242,Beachfront,Condo,762.0,2.0,1.0,1987,1,2865.0,6,0,424932.0
243,Countryside,Condo,887.0,1.0,1.0,1992,2,9107.0,5,-1,168197.0
244,Downtown,Single Family,2217.0,5.0,3.0,1963,2,2427.0,4,-1,822902.0
245,Downtown,Single Family,2454.0,6.0,4.0,1955,1,1815.0,5,-1,933914.0
246,Countryside,Single Family,1525.0,1.0,1.0,1972,0,9861.0,1,-1,261069.0
247,Suburbs,Single Family,2017.0,5.0,3.0,2009,1,5177.0,6,1,657264.0
248,Beachfront,Single Family,2263.0,4.0,2.0,1961,0,2030.0,6,1,1093312.0
249,Beachfront,Condo,1260.0,2.0,1.0,1962,1,3331.0,8,-1,548877.0
250,Countryside,Single Family,2052.0,5.0,3.0,1955,2,,6,-1,424724.0
251,Downtown,Condo,,1.0,1.0,2012,1,2939.0,5,0,231050.0
252,Downtown,Single Family,2385.0,4.0,2.0,1987,3,3056.0,10,0,903576.0
253,Countryside,Single Family,2009.0,6.0,3.0,1999,1,7627.0,6,1,437624.0
254,Downtown,Single Family,1843.0,4.0,2.0,2001,2,3767.0,6,1,742770.0
255,Downtown,Townhouse,1012.0,1.0,1.0,1989,1,1000.0,6,1,392461.0
256,Suburbs,Townhouse,1144.0,2.0,1.0,1957,3,3020.0,8,0,367778.0
257,Countryside,Townhouse,1018.0,1.0,,2010,2,7319.0,5,0,209881.0
258,Suburbs,Single Family,1538.0,4.0,2.0,1957,0,4576.0,5,0,492999.0
259,Suburbs,Single Family,2469.0,5.0,3.0,1983,3,5362.0,7,-1,737888.0
260,Downtown,Condo,1282.0,3.0,2.0,2009,1,1310.0,2,-1,418441.0
261,Suburbs,Single Family,2395.0,6.0,3.0,2006,0,4988.0,8,-1,738680.0
262,Beachfront,Townhouse,858.0,1.0,1.0,1995,1,1794.0,6,0,449893.0
263,Downtown,Single Family,2139.0,6.0,4.0,1971,2,4004.0,6,-1,873887.0
264,Suburbs,Single Family,2198.0,3.0,,1989,1,4195.0,7,-1,605628.0
265,Countryside,Single Family,2379.0,6.0,,1994,1,6316.0,4,0,485669.0
266,Suburbs,Single Family,2400.0,5.0,1.0,2004,2,6119.0,8,1,706793.0
267,Suburbs,Condo,679.0,1.0,1.0,2000,2,4286.0,10,-1,253606.0
268,Suburbs,Single Family,2224.0,3.0,1.0,1954,1,4908.0,6,0,596532.0
269,Downtown,Single Family,2337.0,4.0,2.0,1962,0,1353.0,9,-1,810707.0
270,Downtown,Single Family,2636.0,4.0,2.0,1977,0,2737.0,1,1,875317.0
271,Countryside,Single Family,2411.0,5.0,2.0,2011,2,6625.0,8,-1,485665.0
272,Countryside,Condo,1136.0,1.0,1.0,1973,2,5200.0,5,1,191726.0
273,Countryside,Townhouse,1225.0,,1.0,1956,0,9295.0,5,-1,243671.0
274,Countryside,Townhouse,1623.0,4.0,,1987,1,8247.0,4,1,312442.0
275,Suburbs,Condo,1022.0,2.0,2.0,1986,0,6072.0,5,-1,284675.0
276,Suburbs,Single Family,1941.0,2.0,1.0,2017,2,6262.0,4,-1,528773.0
277,Suburbs,Condo,1321.0,2.0,1.0,1991,0,4083.0,9,-1,312912.0
278,Suburbs,Single Family,2409.0,6.0,3.0,1954,0,5060.0,8,-1,722623.0
279,Suburbs,Single Family,2067.0,4.0,2.0,2013,0,5505.0,3,1,588842.0
280,Suburbs,Townhouse,1056.0,,2.0,1999,1,4891.0,3,0,351656.0
281,Countryside,Single Family,2288.0,4.0,2.0,1964,1,7687.0,8,0,447733.0
282,Downtown,Townhouse,1338.0,3.0,2.0,2022,0,1786.0,5,1,506109.0
283,Downtown,Single Family,2259.0,6.0,3.0,2002,3,3083.0,3,0,881182.0
284,Downtown,Condo,993.0,3.0,2.0,1974,0,1740.0,6,1,382690.0
285,Suburbs,Condo,1409.0,2.0,1.0,1958,1,5600.0,6,-1,323165.0
286,Downtown,Townhouse,1521.0,2.0,,1987,3,2346.0,4,1,536598.0
287,Suburbs,Condo,957.0,1.0,2.0,1971,1,4035.0,7,-1,253049.0
288,Suburbs,Condo,1182.0,2.0,1.0,1998,1,5301.0,7,0,304864.0
289,Downtown,Single Family,1890.0,4.0,2.0,2017,0,1000.0,2,0,668664.0
290,Suburbs,Condo,1019.0,2.0,1.0,1964,2,,9,0,313413.0
291,Downtown,Single Family,2742.0,6.0,3.0,2014,1,2891.0,6,0,1010317.0
292,Downtown,Condo,834.0,3.0,1.0,2003,2,3121.0,4,0,349541.0
293,Countryside,Condo,645.0,1.0,1.0,1979,0,7047.0,4,1,155935.0
294,Downtown,Condo,704.0,1.0,1.0,1969,1,1463.0,3,1,272539.0
295,Downtown,Single Family,1873.0,2.0,1.0,1982,2,2284.0,6,1,668059.0
296,Suburbs,Single Family,1964.0,1.0,1.0,1956,3,4524.0,3,1,514159.0
297,Suburbs,Condo,788.0,1.0,1.0,1957,0,3071.0,6,1,235029.0
298,Downtown,Single Family,1778.0,3.0,2.0,1977,2,1458.0,3,1,669733.0
299,Suburbs,Single Family,2204.0,,3.0,1994,1,5280.0,7,1,663211.0
300,Downtown,Single Family,2470.0,6.0,3.0,2022,1,3067.0,7,0,935925.0
301,Downtown,Townhouse,927.0,1.0,1.0,1960,0,3689.0,6,1,353758.0
302,Suburbs,Condo,1355.0,4.0,2.0,1980,1,5124.0,7,1,396999.0
303,Suburbs,Single Family,2353.0,5.0,2.0,1961,1,5566.0,9,1,744547.0
304,Suburbs,Single Family,2509.0,5.0,3.0,2000,1,5960.0,7,0,742093.0
305,Suburbs,Single Family,2002.0,5.0,2.0,1993,0,2949.0,5,-1,595929.0
306,Beachfront,Condo,1156.0,1.0,1.0,1999,0,1000.0,6,1,471481.0
307,Suburbs,Condo,572.0,1.0,1.0,1966,3,,8,1,271654.0
308,Downtown,Single Family,2467.0,5.0,2.0,1984,3,3555.0,3,0,883761.0
309,Suburbs,Single Family,2251.0,4.0,3.0,1950,2,5629.0,5,-1,652263.0
310,Downtown,Single Family,2365.0,5.0,2.0,1978,0,2329.0,6,0,856992.0
311,Suburbs,Condo,,1.0,1.0,2000,1,4771.0,7,0,206023.0
312,Downtown,Condo,631.0,1.0,1.0,2013,2,2426.0,7,0,269270.0
313,Downtown,Single Family,2379.0,4.0,2.0,1953,3,1403.0,5,0,858272.0
314,Beachfront,Single Family,1915.0,2.0,1.0,1977,1,1220.0,3,1,860796.0
315,Countryside,Single Family,2338.0,4.0,2.0,1965,2,7307.0,10,0,470120.0
316,Suburbs,Townhouse,789.0,1.0,1.0,2012,3,6340.0,2,0,269611.0
317,Suburbs,Single Family,2454.0,5.0,3.0,2002,2,4159.0,2,1,745856.0
318,Downtown,Condo,530.0,1.0,1.0,1966,0,1601.0,6,0,235715.0
319,Downtown,Condo,1065.0,2.0,1.0,1989,0,2471.0,8,-1,361956.0
320,Downtown,Single Family,2387.0,,3.0,1962,1,1119.0,7,0,842759.0
321,Suburbs,Single Family,1990.0,2.0,2.0,2001,1,5226.0,9,0,586655.0
322,Suburbs,Single Family,2374.0,4.0,2.0,2007,0,5225.0,3,1,649649.0
323,Suburbs,Condo,978.0,1.0,1.0,1986,0,4375.0,5,1,247320.0
324,Downtown,Condo,738.0,1.0,2.0,2010,2,1741.0,4,0,299048.0
325,Beachfront,Condo,,1.0,,1983,1,1056.0,8,-1,349625.0
326,Suburbs,Condo,500.0,1.0,1.0,2019,1,6382.0,6,-1,192347.0
327,Suburbs,Single Family,2304.0,4.0,2.0,1966,1,5257.0,1,1,636048.0
328,Suburbs,Townhouse,730.0,1.0,1.0,1969,1,3951.0,7,1,275014.0
329,Suburbs,Condo,928.0,3.0,2.0,2022,2,5126.0,5,0,308368.0
330,Downtown,Single Family,,4.0,2.0,2008,0,2171.0,6,0,766916.0
331,Downtown,Townhouse,1403.0,3.0,1.0,2018,2,1000.0,8,1,549062.0
332,Suburbs,Condo,809.0,1.0,1.0,1982,1,,4,1,239008.0
333,Downtown,Condo,801.0,1.0,1.0,1966,0,1010.0,4,-1,254891.0
334,Downtown,Condo,1119.0,1.0,1.0,2006,2,4090.0,4,1,367036.0
335,Downtown,Townhouse,1300.0,2.0,1.0,1950,1,2795.0,5,0,443735.0
336,Downtown,Condo,994.0,2.0,1.0,1962,1,1000.0,3,-1,324946.0
337,Countryside,Single Family,2340.0,6.0,4.0,1976,1,7685.0,7,0,494656.0
338,Suburbs,Single Family,1739.0,3.0,1.0,2019,1,5922.0,4,-1,477064.0
339,Suburbs,Townhouse,1427.0,2.0,1.0,2008,1,4762.0,9,-1,385945.0
340,Downtown,Single Family,2383.0,4.0,2.0,1955,2,3178.0,4,0,833920.0
341,Suburbs,Single Family,1894.0,4.0,2.0,1972,0,4623.0,4,0,551716.0
342,Suburbs,Single Family,2126.0,5.0,2.0,1959,3,4921.0,4,0,662962.0
343,Downtown,Single Family,2188.0,6.0,3.0,2000,1,2950.0,7,0,882796.0
344,Suburbs,Condo,859.0,1.0,1.0,1968,0,5603.0,6,-1,234145.0
345,Downtown,Townhouse,1300.0,1.0,1.0,2000,0,1074.0,8,1,445156.0
346,Suburbs,Single Family,2629.0,5.0,3.0,2017,1,5434.0,7,0,762806.0
347,Suburbs,Single Family,2524.0,6.0,3.0,1991,1,5167.0,9,0,796659.0
348,Downtown,Single Family,1806.0,2.0,1.0,2006,0,1088.0,7,1,626612.0
349,Downtown,Townhouse,1386.0,1.0,1.0,2017,0,1000.0,2,0,406149.0
350,Suburbs,Condo,1298.0,3.0,2.0,1987,2,3068.0,8,0,391034.0
351,Suburbs,Single Family,,5.0,2.0,2011,0,4705.0,9,0,677432.0
352,Countryside,Townhouse,1527.0,1.0,1.0,1956,2,7945.0,10,1,297153.0
353,Suburbs,Townhouse,1803.0,3.0,2.0,2020,1,5504.0,3,1,478632.0
354,Downtown,Townhouse,1507.0,2.0,1.0,1999,1,2820.0,7,-1,485667.0
355,Downtown,Townhouse,1274.0,3.0,1.0,2001,1,1586.0,3,0,469052.0
356,Suburbs,Single Family,2513.0,5.0,1.0,1975,0,4916.0,4,-1,659489.0
357,Downtown,Condo,943.0,2.0,1.0,1975,2,1241.0,7,1,392242.0
358,Suburbs,Single Family,2207.0,2.0,1.0,1968,0,5087.0,10,0,583811.0
359,Countryside,Townhouse,1094.0,1.0,1.0,1958,1,8968.0,6,1,215738.0
360,Suburbs,Condo,1369.0,1.0,1.0,2010,1,5101.0,8,0,321139.0
361,Downtown,Condo,654.0,1.0,1.0,1969,0,3163.0,1,0,224533.0
362,Suburbs,Condo,1359.0,2.0,1.0,1999,1,5951.0,1,1,317274.0
363,Suburbs,Single Family,2349.0,5.0,3.0,1971,2,6457.0,6,1,742313.0
364,Suburbs,Condo,500.0,1.0,1.0,1962,1,5129.0,5,-1,180896.0
365,Countryside,Townhouse,1310.0,3.0,2.0,1961,3,7467.0,8,0,300055.0
366,Downtown,Townhouse,569.0,1.0,1.0,1959,2,2621.0,5,0,291984.0
367,Beachfront,Single Family,2387.0,6.0,3.0,2014,1,1627.0,6,0,1221891.0
368,Countryside,Single Family,2465.0,5.0,2.0,1979,1,8589.0,6,0,475709.0
369,Downtown,Single Family,2022.0,5.0,3.0,1957,1,1337.0,4,0,807907.0
370,Downtown,Condo,937.0,1.0,1.0,1970,1,1171.0,9,0,326517.0
371,Downtown,Townhouse,1786.0,1.0,1.0,1971,0,3216.0,6,-1,507194.0
372,Downtown,Single Family,2048.0,5.0,3.0,1967,3,1000.0,6,0,857965.0
373,Downtown,Condo,582.0,1.0,1.0,2015,1,3022.0,8,-1,246853.0
374,Suburbs,Townhouse,1644.0,5.0,2.0,1997,1,5586.0,5,-1,497220.0
375,Downtown,Condo,1488.0,1.0,1.0,1993,1,2094.0,8,1,451231.0
376,Downtown,Condo,901.0,2.0,1.0,1958,1,1000.0,3,-1,293058.0
377,Countryside,Condo,1203.0,4.0,1.0,2016,2,9485.0,3,0,242104.0
378,Downtown,Condo,1302.0,3.0,1.0,2003,1,,10,0,450059.0
379,Countryside,Single Family,1977.0,4.0,,1975,0,8953.0,8,0,400588.0
380,Downtown,Condo,754.0,1.0,1.0,1975,0,1309.0,5,0,278241.0
381,Downtown,Condo,1269.0,1.0,1.0,1983,2,1228.0,7,0,408000.0
382,Suburbs,Townhouse,1705.0,5.0,3.0,1957,1,5668.0,9,-1,519642.0
383,Suburbs,Condo,1068.0,1.0,1.0,1959,3,5538.0,4,1,310886.0
384,Countryside,Condo,,1.0,1.0,1997,0,6854.0,2,1,142179.0
385,Suburbs,Single Family,2796.0,4.0,,2004,0,6436.0,6,-1,729519.0
386,Countryside,Single Family,2040.0,3.0,,2003,0,7793.0,3,0,360614.0
387,Downtown,Single Family,2099.0,6.0,3.0,1989,1,2068.0,3,0,827644.0
388,Downtown,Single Family,2302.0,4.0,3.0,1964,1,1702.0,8,-1,829169.0
389,Suburbs,Condo,1366.0,4.0,2.0,1967,0,3897.0,1,0,338762.0
390,Countryside,Townhouse,1456.0,2.0,1.0,1972,1,8735.0,8,0,275445.0
391,Beachfront,Single Family,2324.0,3.0,,2011,1,2289.0,6,-1,1047514.0
392,Suburbs,Single Family,,5.0,2.0,1995,0,,6,1,684154.0
393,Downtown,Townhouse,1213.0,2.0,1.0,1988,1,2944.0,7,0,443391.0
394,Suburbs,Single Family,2367.0,5.0,2.0,1964,2,5054.0,6,0,702699.0
395,Downtown,Condo,500.0,1.0,1.0,2002,0,2076.0,3,1,215597.0
396,Countryside,Condo,811.0,1.0,1.0,2013,0,9776.0,3,-1,135216.0
397,Countryside,Condo,972.0,,1.0,2012,1,6392.0,7,0,182023.0
398,Suburbs,Single Family,1854.0,6.0,3.0,1965,2,3378.0,4,0,646120.0
399,Suburbs,Single Family,2315.0,5.0,2.0,2019,2,3603.0,1,0,675438.0
400,Suburbs,Condo,838.0,1.0,1.0,2015,1,5363.0,10,0,265085.0
401,Downtown,Condo,1426.0,4.0,2.0,1962,0,1640.0,10,-1,496196.0
402,Countryside,Single Family,2671.0,6.0,2.0,1996,2,7720.0,5,-1,518891.0
403,Suburbs,Condo,760.0,1.0,1.0,1958,3,4057.0,1,-1,215189.0
404,Countryside,Single Family,2154.0,3.0,1.0,2012,1,9665.0,7,1,411573.0
405,Downtown,Condo,877.0,2.0,1.0,1983,3,4001.0,8,-1,349639.0
406,Countryside,Single Family,2064.0,6.0,2.0,1978,1,8898.0,3,-1,414933.0
407,Downtown,Townhouse,1258.0,2.0,1.0,1986,2,1000.0,3,1,447112.0
408,Downtown,Single Family,1972.0,5.0,2.0,1992,1,1513.0,8,0,784346.0
409,Countryside,Single Family,1860.0,,1.0,2013,1,8827.0,9,0,376813.0
410,Downtown,Single Family,2386.0,4.0,2.0,1973,0,1954.0,7,-1,805283.0
411,Downtown,Single Family,2388.0,5.0,3.0,2020,2,2902.0,4,0,866955.0
412,Beachfront,Townhouse,958.0,1.0,1.0,1983,3,3247.0,6,-1,497855.0
413,Beachfront,Townhouse,1468.0,3.0,1.0,1997,1,,7,0,690263.0
414,Suburbs,Single Family,2010.0,4.0,,1961,1,4345.0,3,1,572956.0
415,Suburbs,Single Family,2275.0,4.0,2.0,1972,0,5081.0,4,0,647068.0
416,Suburbs,Condo,1146.0,2.0,1.0,1962,0,4559.0,4,-1,266111.0
417,Downtown,Townhouse,1189.0,2.0,1.0,1994,0,1000.0,6,0,429335.0
418,Downtown,Condo,,1.0,1.0,2014,1,2701.0,6,0,335198.0
419,Suburbs,Single Family,,3.0,,1996,3,5563.0,8,0,623724.0
420,Suburbs,Single Family,2141.0,5.0,2.0,2007,0,4453.0,7,0,637908.0
421,Suburbs,Condo,838.0,1.0,1.0,1954,0,3401.0,9,0,256613.0
422,Suburbs,Single Family,1976.0,3.0,1.0,1954,1,4615.0,8,0,570268.0
423,Downtown,Condo,846.0,1.0,1.0,2009,0,2731.0,4,1,294546.0
424,Suburbs,Single Family,1735.0,2.0,1.0,1970,2,6337.0,5,1,504988.0
425,Downtown,Condo,752.0,1.0,1.0,1973,1,1287.0,6,-1,285559.0
426,Suburbs,Single Family,2114.0,4.0,1.0,1967,0,6107.0,1,1,578601.0
427,Suburbs,Condo,823.0,1.0,1.0,1970,0,5622.0,9,-1,237709.0
428,Countryside,Single Family,2127.0,4.0,2.0,2003,0,8413.0,1,1,401526.0
429,Downtown,Condo,881.0,1.0,1.0,1959,1,1000.0,5,-1,273401.0
430,Downtown,Single Family,2343.0,5.0,3.0,1973,0,1000.0,6,0,866877.0
431,Downtown,Condo,1162.0,4.0,1.0,2009,1,1169.0,6,1,442360.0
432,Suburbs,Condo,705.0,1.0,1.0,2006,1,4673.0,7,-1,228685.0
433,Suburbs,Condo,539.0,2.0,1.0,1972,0,6800.0,6,1,209990.0
434,Downtown,Condo,587.0,1.0,2.0,1971,0,1337.0,4,0,252011.0
435,Downtown,Condo,753.0,,1.0,2017,1,2771.0,4,0,293238.0
436,Suburbs,Townhouse,1094.0,2.0,1.0,1983,1,4535.0,9,0,349743.0
437,Downtown,Single Family,,3.0,1.0,2019,3,,4,1,707698.0
438,Countryside,Townhouse,811.0,2.0,2.0,1977,0,7937.0,4,-1,202739.0
439,Suburbs,Single Family,2063.0,6.0,2.0,1988,0,5177.0,6,0,639845.0
440,Downtown,Single Family,2254.0,5.0,3.0,1991,0,2369.0,3,1,826603.0
441,Downtown,Single Family,2378.0,5.0,2.0,1972,1,1750.0,6,1,869997.0
442,Beachfront,Single Family,,4.0,1.0,2019,1,2374.0,7,1,1017276.0
443,Downtown,Condo,776.0,1.0,1.0,1951,2,3233.0,7,0,320977.0
444,Downtown,Condo,621.0,1.0,1.0,1973,1,1245.0,7,1,297604.0
445,Countryside,Condo,890.0,3.0,1.0,1966,0,9185.0,3,1,181153.0
446,Countryside,Condo,645.0,1.0,1.0,2014,1,7734.0,6,1,138132.0
447,Beachfront,Single Family,2371.0,3.0,3.0,2019,3,1629.0,1,-1,1065301.0
448,Suburbs,Single Family,1664.0,,2.0,2018,1,5699.0,1,0,510335.0
449,Downtown,Single Family,2092.0,,2.0,2009,1,1658.0,6,0,770789.0
450,Downtown,Single Family,2290.0,4.0,2.0,1999,3,2319.0,4,0,843082.0
451,Suburbs,Single Family,2255.0,4.0,2.0,1961,2,5225.0,7,0,650824.0
452,Suburbs,Single Family,3007.0,5.0,2.0,1996,2,2916.0,7,-1,799846.0
453,Suburbs,Condo,1004.0,1.0,1.0,2016,0,5417.0,8,0,261902.0
454,Countryside,Condo,,1.0,1.0,2014,1,6558.0,7,-1,137692.0
455,Downtown,Townhouse,1171.0,1.0,1.0,1976,0,1000.0,1,-1,340574.0
456,Suburbs,Townhouse,667.0,1.0,1.0,1997,1,5366.0,5,0,232760.0
457,Downtown,Condo,875.0,1.0,1.0,2011,0,2536.0,4,1,307737.0
458,Suburbs,Single Family,1950.0,4.0,2.0,1993,2,6205.0,5,0,601719.0
459,Downtown,Condo,1174.0,1.0,2.0,1968,2,1000.0,3,-1,351153.0
460,Downtown,Condo,735.0,1.0,1.0,2008,1,1258.0,2,-1,240903.0
461,Downtown,Single Family,2164.0,5.0,3.0,1957,0,2464.0,6,0,829168.0
462,Suburbs,Single Family,2009.0,3.0,2.0,2004,0,6224.0,7,1,571390.0
463,Suburbs,Townhouse,1721.0,4.0,2.0,1996,2,5192.0,7,0,516107.0
464,Suburbs,Single Family,2103.0,5.0,2.0,1951,1,4122.0,6,-1,627563.0
465,Beachfront,Condo,1449.0,2.0,,1988,2,3506.0,6,0,599628.0
466,Downtown,Condo,1144.0,3.0,2.0,1994,1,1737.0,6,1,435198.0
467,Downtown,Single Family,,3.0,1.0,1981,1,1768.0,7,-1,755827.0
468,Countryside,Single Family,2310.0,6.0,3.0,2014,2,6564.0,1,0,462634.0
469,Downtown,Single Family,2318.0,5.0,2.0,1987,1,2724.0,7,0,873474.0
470,Beachfront,Single Family,1621.0,3.0,1.0,1960,1,2852.0,6,-1,819713.0
471,Downtown,Single Family,,4.0,,1959,2,1294.0,3,-1,736528.0
472,Beachfront,Townhouse,1453.0,2.0,1.0,2008,0,3751.0,1,0,600431.0
473,Downtown,Single Family,2185.0,6.0,2.0,2004,0,1412.0,3,-1,801956.0
474,Countryside,Condo,500.0,1.0,1.0,1969,1,8625.0,6,-1,142822.0
475,Suburbs,Single Family,2184.0,4.0,2.0,1966,0,5223.0,7,0,621415.0
476,Beachfront,Townhouse,1711.0,5.0,2.0,2017,2,1000.0,5,-1,857982.0
477,Downtown,Single Family,2574.0,5.0,2.0,1954,2,2543.0,5,0,913974.0
478,Suburbs,Single Family,2181.0,5.0,3.0,2009,2,5454.0,9,-1,705814.0
479,Beachfront,Townhouse,1485.0,4.0,2.0,1972,1,1000.0,4,0,766112.0
480,Suburbs,Townhouse,1090.0,,1.0,1995,0,6525.0,3,1,297130.0
481,Suburbs,Single Family,1688.0,4.0,2.0,2001,0,5458.0,5,0,514611.0
482,Suburbs,Townhouse,922.0,1.0,1.0,1959,2,6239.0,7,0,315138.0
483,Suburbs,Single Family,2668.0,6.0,2.0,1995,0,3283.0,7,-1,755654.0
484,Suburbs,Single Family,2117.0,5.0,,1977,1,4589.0,6,0,666780.0
485,Suburbs,Single Family,2126.0,5.0,3.0,1992,2,,10,-1,704832.0
486,Countryside,Single Family,2110.0,4.0,2.0,1975,1,6431.0,7,-1,397624.0
487,Downtown,Condo,1471.0,,1.0,2004,1,1618.0,2,0,383839.0
488,Downtown,Single Family,2687.0,6.0,4.0,1997,1,2406.0,7,1,1037942.0
489,Beachfront,Single Family,2865.0,4.0,1.0,1978,2,1000.0,1,0,1192616.0
490,Countryside,Condo,852.0,,1.0,1976,0,6678.0,7,-1,148840.0
491,Suburbs,Condo,988.0,2.0,1.0,1967,3,6382.0,4,1,313747.0
492,Suburbs,Single Family,1745.0,4.0,1.0,2009,1,5059.0,7,-1,534329.0
493,Downtown,Condo,,4.0,1.0,2018,3,3176.0,5,1,482212.0
494,Downtown,Single Family,1849.0,5.0,1.0,1970,0,2182.0,8,0,728080.0
495,Suburbs,Condo,965.0,1.0,,1973,0,7455.0,5,0,257390.0
496,Downtown,Condo,,1.0,1.0,1952,2,2438.0,7,0,272715.0
497,Suburbs,Townhouse,1023.0,1.0,2.0,2011,2,6269.0,4,1,336717.0
498,Downtown,Single Family,1948.0,2.0,1.0,1951,1,1753.0,9,1,687830.0
499,Beachfront,Single Family,2017.0,,2.0,2015,2,2210.0,7,0,1037598.0
500,Beachfront,Single Family,2038.0,4.0,2.0,1991,2,,4,0,995233.0
501,Suburbs,Single Family,2035.0,2.0,1.0,1983,0,5807.0,9,0,552297.0
502,Suburbs,Single Family,2450.0,6.0,3.0,1991,1,4961.0,5,0,744601.0
503,Downtown,Townhouse,868.0,1.0,1.0,1969,2,2002.0,7,1,365098.0
504,Countryside,Single Family,2266.0,3.0,1.0,2017,1,8501.0,7,-1,415208.0
505,Suburbs,Single Family,2565.0,6.0,2.0,1994,1,5501.0,1,0,725711.0
506,Downtown,Condo,746.0,1.0,1.0,1991,2,1000.0,10,1,325074.0
507,Countryside,Single Family,1984.0,4.0,1.0,1996,1,8224.0,5,1,396561.0
508,Countryside,Condo,830.0,1.0,1.0,1954,0,8320.0,3,-1,127156.0
509,Countryside,Single Family,2553.0,6.0,3.0,1998,3,7023.0,8,-1,517539.0
510,Suburbs,Single Family,2258.0,5.0,2.0,1986,1,5905.0,7,1,678208.0
511,Suburbs,Single Family,2040.0,5.0,3.0,1983,2,5412.0,2,0,626919.0
512,Suburbs,Single Family,2345.0,4.0,3.0,2022,2,7330.0,3,0,678376.0
513,Countryside,Townhouse,869.0,2.0,1.0,2019,0,7973.0,7,-1,187945.0
514,Countryside,Single Family,2404.0,6.0,2.0,1967,0,9136.0,2,1,471482.0
515,Downtown,Condo,1022.0,1.0,1.0,1968,1,2539.0,9,-1,311804.0
516,Downtown,Single Family,2107.0,6.0,3.0,1989,1,3921.0,7,-1,845085.0
517,Downtown,Single Family,1948.0,3.0,1.0,1966,1,1030.0,5,-1,659226.0
518,Countryside,Townhouse,933.0,2.0,1.0,2009,1,7504.0,5,1,209526.0
519,Beachfront,Single Family,2360.0,4.0,2.0,1991,1,1064.0,6,1,1128267.0
520,Downtown,Condo,1268.0,3.0,1.0,2021,0,1922.0,5,1,422280.0
521,Suburbs,Townhouse,1008.0,1.0,1.0,2014,1,3875.0,7,0,304888.0
522,Downtown,Condo,1037.0,1.0,1.0,2002,1,1000.0,10,1,368413.0
523,Beachfront,Townhouse,573.0,1.0,1.0,1956,1,1000.0,6,1,394005.0
524,Countryside,Single Family,2024.0,5.0,2.0,1954,0,5802.0,6,1,418472.0
525,Countryside,Single Family,2190.0,5.0,3.0,1973,1,8656.0,4,1,456046.0
526,Suburbs,Single Family,1927.0,4.0,2.0,1977,0,4544.0,7,0,581850.0
527,Suburbs,Condo,619.0,1.0,,2011,1,3766.0,7,0,206149.0
528,Downtown,Townhouse,999.0,4.0,2.0,1966,2,1340.0,7,1,497619.0
529,Downtown,Single Family,2287.0,5.0,2.0,1969,0,1472.0,1,1,812098.0
530,Countryside,Condo,843.0,1.0,1.0,1952,1,7035.0,8,0,174573.0
531,Countryside,Single Family,1528.0,3.0,1.0,1986,1,9605.0,5,-1,313710.0
532,Beachfront,Condo,500.0,1.0,1.0,1964,0,,7,0,307091.0
533,Beachfront,Single Family,2017.0,4.0,2.0,2000,0,3588.0,7,0,976224.0
534,Suburbs,Townhouse,1337.0,3.0,1.0,1997,3,5179.0,7,-1,414816.0
535,Suburbs,Condo,500.0,1.0,1.0,1957,1,5280.0,5,1,189844.0
536,Countryside,Single Family,2050.0,4.0,3.0,1962,3,7347.0,7,0,436967.0
537,Countryside,Single Family,2042.0,4.0,2.0,1997,1,7152.0,1,0,386482.0
538,Downtown,Single Family,2616.0,4.0,2.0,1952,1,2021.0,7,0,901536.0
539,Suburbs,Single Family,2084.0,5.0,1.0,2014,1,5652.0,2,0,605931.0
540,Downtown,Single Family,2314.0,5.0,2.0,2022,1,3195.0,5,-1,839696.0
541,Beachfront,Townhouse,1242.0,3.0,1.0,1980,0,1454.0,3,0,600193.0
542,Suburbs,Condo,500.0,1.0,1.0,1975,1,3747.0,8,-1,193040.0
543,Downtown,Condo,1130.0,2.0,1.0,2005,1,2733.0,6,-1,348114.0
544,Suburbs,Single Family,,4.0,1.0,1983,0,3181.0,7,-1,605905.0
545,Suburbs,Townhouse,1352.0,3.0,2.0,1958,0,4960.0,7,-1,411081.0
546,Downtown,Condo,2077.0,3.0,2.0,2011,0,2089.0,8,0,591487.0
547,Downtown,Single Family,1574.0,2.0,1.0,1962,1,1621.0,3,0,570783.0
548,Suburbs,Condo,1417.0,2.0,2.0,2018,1,3454.0,7,1,368211.0
549,Suburbs,Condo,813.0,3.0,2.0,1990,2,4634.0,6,0,322128.0
550,Suburbs,Single Family,2286.0,5.0,3.0,1950,0,6642.0,1,1,662985.0
551,Suburbs,Single Family,2186.0,5.0,2.0,1996,0,5591.0,4,0,628803.0
552,Countryside,Single Family,2072.0,6.0,2.0,1953,1,9161.0,4,1,433884.0
553,Suburbs,Single Family,2029.0,4.0,2.0,2012,2,3782.0,2,0,599598.0
554,Suburbs,Townhouse,1298.0,3.0,2.0,2001,0,5255.0,5,0,373870.0
555,Countryside,Townhouse,744.0,1.0,1.0,1959,1,8088.0,1,-1,139503.0
556,Suburbs,Condo,1125.0,2.0,1.0,1977,1,5107.0,6,0,300475.0
557,Downtown,Single Family,2075.0,4.0,2.0,1955,0,2555.0,4,0,714422.0
558,Downtown,Single Family,1860.0,3.0,1.0,1976,1,,4,0,650026.0
559,Suburbs,Condo,764.0,1.0,,1961,0,3810.0,9,1,261204.0
560,Suburbs,Condo,1277.0,3.0,1.0,2011,2,5613.0,6,-1,346319.0
561,Suburbs,Single Family,2039.0,4.0,2.0,2001,1,5840.0,4,-1,576420.0
562,Downtown,Condo,1007.0,1.0,,1997,1,3319.0,6,0,326222.0
563,Downtown,Townhouse,980.0,1.0,1.0,2016,1,3363.0,4,1,370371.0
564,Downtown,Single Family,2427.0,3.0,2.0,1995,1,2476.0,2,0,780893.0
565,Downtown,Single Family,2405.0,6.0,3.0,1964,1,1000.0,1,0,890685.0
566,Suburbs,Condo,1454.0,3.0,1.0,2020,0,3470.0,10,-1,362611.0
567,Downtown,Single Family,2147.0,5.0,3.0,1985,1,,7,0,832758.0
568,Suburbs,Single Family,2400.0,4.0,1.0,1963,0,5919.0,7,1,671807.0
569,Countryside,Single Family,2229.0,4.0,2.0,1952,1,8855.0,10,1,458090.0
570,Downtown,Single Family,2588.0,3.0,1.0,2016,0,2273.0,9,-1,803116.0
571,Suburbs,Condo,684.0,2.0,2.0,1968,1,4963.0,7,0,253632.0
572,Suburbs,Condo,1123.0,1.0,1.0,2003,0,6903.0,7,0,287429.0
573,Downtown,Single Family,2141.0,6.0,3.0,2018,3,2574.0,5,-1,870339.0
574,Suburbs,Townhouse,1180.0,2.0,1.0,1959,1,4912.0,3,0,326195.0
575,Countryside,Townhouse,1227.0,2.0,1.0,1982,1,7354.0,6,0,234475.0
576,Countryside,Townhouse,1275.0,1.0,1.0,1962,3,6991.0,6,-1,236109.0
577,Downtown,Single Family,,5.0,3.0,2000,1,1000.0,10,1,883204.0
578,Countryside,Single Family,2264.0,4.0,2.0,1981,3,6991.0,6,-1,439174.0
579,Suburbs,Townhouse,1673.0,4.0,3.0,1973,0,5280.0,7,1,507501.0
580,Downtown,Condo,1195.0,1.0,1.0,1984,1,1981.0,6,1,367264.0
581,Suburbs,Single Family,2460.0,4.0,2.0,2019,1,4674.0,3,1,666749.0
582,Beachfront,Single Family,2063.0,2.0,1.0,1989,2,2736.0,6,-1,898101.0
583,Suburbs,Single Family,1933.0,4.0,2.0,2003,0,6809.0,6,1,588914.0
584,Downtown,Townhouse,1486.0,2.0,1.0,1993,3,1176.0,6,1,542827.0
585,Suburbs,Condo,1162.0,1.0,1.0,2011,1,4325.0,6,-1,268587.0
586,Downtown,Single Family,2641.0,6.0,3.0,2017,2,1000.0,3,0,953999.0
587,Downtown,Single Family,2018.0,6.0,,1982,1,1973.0,6,-1,835287.0
588,Downtown,Condo,831.0,1.0,1.0,2005,0,1872.0,7,1,320024.0
589,Downtown,Townhouse,708.0,1.0,1.0,1985,3,2892.0,6,1,349869.0
590,Downtown,Single Family,2082.0,5.0,4.0,2003,3,1913.0,6,1,885860.0
591,Downtown,Condo,1198.0,1.0,1.0,1968,1,1411.0,2,1,346023.0
592,Suburbs,Townhouse,1060.0,2.0,1.0,1992,0,5192.0,3,0,306717.0
593,Downtown,Single Family,2392.0,5.0,3.0,1961,0,2557.0,5,-1,851767.0
594,Downtown,Condo,842.0,2.0,1.0,1960,1,1000.0,6,-1,306734.0
595,Countryside,Single Family,2297.0,3.0,2.0,2019,0,,6,-1,393691.0
596,Suburbs,Condo,555.0,1.0,1.0,1961,1,6306.0,8,0,213778.0
597,Suburbs,Condo,925.0,1.0,1.0,1990,1,5547.0,3,1,250639.0
598,Downtown,Condo,500.0,1.0,1.0,1974,2,1065.0,1,1,221618.0
599,Downtown,Condo,843.0,2.0,1.0,1952,0,1673.0,6,-1,314273.0
600,Downtown,Single Family,1710.0,5.0,2.0,1952,1,3182.0,6,0,708582.0
601,Downtown,Townhouse,1561.0,2.0,1.0,1977,1,1021.0,6,0,489753.0
602,Downtown,Condo,1133.0,1.0,1.0,1972,1,2628.0,8,0,381286.0
603,Downtown,Single Family,2340.0,6.0,3.0,1997,1,1949.0,8,0,922975.0
604,Downtown,Condo,1356.0,3.0,2.0,2016,1,2160.0,3,0,446344.0
605,Downtown,Condo,615.0,2.0,1.0,1991,1,1164.0,9,1,331722.0
606,Suburbs,Single Family,2724.0,6.0,3.0,1989,2,5330.0,3,1,791974.0
607,Downtown,Townhouse,1479.0,1.0,1.0,1955,1,2259.0,7,1,492793.0
608,Downtown,Townhouse,1129.0,,1.0,1969,3,1000.0,7,-1,429753.0
609,Suburbs,Single Family,2540.0,4.0,2.0,1960,2,4995.0,7,-1,693655.0
610,Suburbs,Townhouse,868.0,2.0,2.0,1976,2,,4,0,327606.0
611,Downtown,Single Family,1952.0,5.0,2.0,1970,0,1614.0,5,1,747909.0
612,Suburbs,Single Family,2017.0,6.0,4.0,1962,1,2552.0,6,1,698047.0
613,Suburbs,Single Family,2041.0,5.0,3.0,1984,1,4885.0,3,0,620247.0
614,Downtown,Townhouse,883.0,3.0,1.0,1996,0,3466.0,1,1,374958.0
615,Countryside,Condo,1266.0,2.0,2.0,1977,1,7655.0,6,0,214347.0
616,Countryside,Single Family,2122.0,3.0,2.0,1970,0,9428.0,6,-1,376827.0
617,Downtown,Single Family,2305.0,5.0,3.0,1967,1,,7,1,885211.0
618,Downtown,Condo,728.0,1.0,1.0,1980,1,1000.0,3,1,262981.0
619,Countryside,Single Family,1653.0,4.0,2.0,2009,1,7994.0,8,-1,350331.0
620,Suburbs,Townhouse,,3.0,1.0,1986,3,4177.0,3,0,390547.0
621,Downtown,Townhouse,626.0,,1.0,1970,1,2329.0,8,0,307998.0
622,Downtown,Condo,879.0,3.0,2.0,1963,1,1627.0,6,-1,359836.0
623,Downtown,Townhouse,789.0,2.0,1.0,2009,1,3473.0,6,1,362335.0
624,Suburbs,Single Family,2796.0,6.0,2.0,1972,2,4558.0,8,0,811440.0
625,Suburbs,Townhouse,1473.0,3.0,2.0,1978,1,5089.0,4,-1,395145.0
626,Downtown,Condo,931.0,2.0,1.0,1996,1,2596.0,3,-1,305011.0
627,Suburbs,Condo,,2.0,2.0,1979,0,5956.0,6,1,335783.0
628,Suburbs,Single Family,1946.0,4.0,2.0,1987,1,6479.0,4,1,592943.0
629,Downtown,Townhouse,1363.0,1.0,1.0,1976,0,1765.0,6,1,446722.0
630,Downtown,Single Family,2259.0,6.0,3.0,1964,2,,4,-1,863721.0
631,Suburbs,Single Family,2279.0,3.0,1.0,2008,2,3086.0,8,1,648277.0
632,Countryside,Single Family,2581.0,6.0,4.0,1952,2,10041.0,7,0,539222.0
633,Suburbs,Condo,1119.0,1.0,1.0,1959,2,5360.0,1,0,281401.0
634,Suburbs,Condo,986.0,2.0,1.0,1966,1,5751.0,8,1,285056.0
635,Downtown,Condo,500.0,1.0,1.0,1960,2,2555.0,5,-1,232636.0
636,Suburbs,Townhouse,911.0,1.0,1.0,1997,1,,5,0,287313.0
637,Suburbs,Single Family,2163.0,5.0,2.0,1954,1,5350.0,5,-1,632036.0
638,Downtown,Condo,928.0,1.0,1.0,2018,0,1440.0,7,0,301866.0
639,Downtown,Single Family,1860.0,4.0,2.0,2013,0,1697.0,6,-1,679840.0
640,Downtown,Townhouse,1923.0,4.0,2.0,1963,1,1049.0,7,1,687847.0
641,Downtown,Townhouse,1654.0,4.0,2.0,1999,1,3557.0,3,0,569520.0
642,Downtown,Condo,1080.0,1.0,1.0,1975,0,2561.0,10,0,352668.0
643,Downtown,Condo,921.0,1.0,1.0,2021,2,3976.0,7,1,337240.0
644,Downtown,Single Family,2136.0,4.0,2.0,2018,0,4296.0,4,1,757991.0
645,Downtown,Single Family,1914.0,4.0,2.0,1956,0,1000.0,7,0,727416.0
646,Countryside,Townhouse,1223.0,4.0,2.0,1965,2,8985.0,6,0,279048.0
647,Suburbs,Single Family,2277.0,4.0,3.0,2004,1,3642.0,3,-1,640330.0
648,Suburbs,Single Family,1827.0,5.0,2.0,2005,2,5177.0,3,-1,562580.0
649,Suburbs,Single Family,2300.0,2.0,,1953,1,5314.0,1,0,566298.0
650,Suburbs,Townhouse,1153.0,1.0,1.0,1997,3,3712.0,8,-1,345126.0
651,Downtown,Single Family,1627.0,3.0,1.0,1966,1,1262.0,6,0,626380.0
652,Suburbs,Single Family,1941.0,2.0,1.0,1985,0,5360.0,5,-1,488931.0
653,Suburbs,Condo,775.0,1.0,1.0,2019,1,5176.0,3,0,221495.0
654,Suburbs,Townhouse,1766.0,4.0,2.0,1987,0,3981.0,6,0,498833.0
655,Suburbs,Single Family,2366.0,4.0,2.0,2011,3,4301.0,6,-1,682298.0
656,Downtown,Single Family,1799.0,4.0,2.0,1997,0,1000.0,7,-1,698977.0
657,Downtown,Single Family,2345.0,5.0,2.0,1959,1,1000.0,10,0,871368.0
658,Downtown,Single Family,1735.0,4.0,1.0,1985,0,1628.0,6,0,654746.0
659,Suburbs,Single Family,2524.0,6.0,,1978,2,5987.0,6,0,785942.0
660,Suburbs,Condo,758.0,1.0,1.0,1953,1,6114.0,5,1,229224.0
661,Downtown,Condo,871.0,1.0,1.0,1993,3,3833.0,8,-1,345935.0
662,Beachfront,Condo,1297.0,4.0,2.0,2005,0,2424.0,3,-1,568798.0
663,Suburbs,Single Family,1813.0,3.0,2.0,1991,0,5188.0,5,-1,520528.0
664,Downtown,Townhouse,780.0,1.0,1.0,1962,0,2495.0,7,0,309460.0
665,Downtown,Single Family,2024.0,4.0,2.0,1995,2,2485.0,1,1,758195.0
666,Downtown,Townhouse,,2.0,1.0,1982,2,1000.0,4,-1,487776.0
667,Downtown,Condo,500.0,1.0,2.0,1970,0,3888.0,7,0,249173.0
668,Downtown,Single Family,1350.0,3.0,2.0,2006,0,1000.0,3,0,520633.0
669,Downtown,Condo,764.0,1.0,1.0,2018,2,3148.0,5,1,303194.0
670,Downtown,Single Family,2365.0,4.0,2.0,2019,0,2056.0,6,1,825133.0
671,Downtown,Condo,1260.0,2.0,1.0,2016,0,1000.0,6,0,406476.0
672,Countryside,Single Family,2061.0,6.0,3.0,1997,0,8531.0,3,0,431516.0
673,Downtown,Single Family,,,4.0,1982,0,1881.0,9,1,859036.0
674,Suburbs,Townhouse,1546.0,5.0,2.0,1985,0,4317.0,1,1,454612.0
675,Suburbs,Single Family,1639.0,5.0,2.0,1982,0,3618.0,7,0,539402.0
676,Beachfront,Townhouse,1083.0,3.0,2.0,1980,1,1000.0,2,0,595222.0
677,Downtown,Single Family,2257.0,3.0,2.0,1970,2,,6,0,805562.0
678,Downtown,Condo,1034.0,2.0,1.0,1976,1,1613.0,3,0,341331.0
679,Beachfront,Condo,747.0,1.0,,2021,2,1000.0,3,0,392793.0
680,Countryside,Condo,910.0,1.0,1.0,2011,0,8038.0,3,-1,144869.0
681,Countryside,Single Family,1453.0,3.0,1.0,1975,1,6931.0,6,1,324964.0
682,Downtown,Single Family,2002.0,5.0,2.0,2015,1,2360.0,6,0,785661.0
683,Downtown,Single Family,2336.0,5.0,3.0,1961,2,3231.0,3,1,880256.0
684,Suburbs,Single Family,1905.0,3.0,1.0,1971,0,5289.0,10,0,554823.0
685,Countryside,Condo,917.0,2.0,1.0,1966,2,7906.0,4,1,190727.0
686,Suburbs,Townhouse,1334.0,2.0,1.0,1956,0,4465.0,6,0,348958.0
687,Suburbs,Townhouse,1097.0,2.0,1.0,2017,1,6446.0,4,0,326879.0
688,Downtown,Condo,951.0,1.0,1.0,1986,3,1806.0,6,0,356409.0
689,Suburbs,Condo,611.0,1.0,1.0,1987,1,7490.0,7,0,206085.0
690,Downtown,Condo,838.0,2.0,1.0,1960,1,1000.0,6,1,334896.0
691,Downtown,Single Family,2383.0,3.0,2.0,1950,3,2289.0,4,-1,794904.0
692,Suburbs,Townhouse,1247.0,4.0,3.0,1974,1,6412.0,4,0,418173.0
693,Suburbs,Condo,724.0,1.0,2.0,1991,0,4309.0,7,-1,219948.0
694,Downtown,Condo,967.0,1.0,1.0,2001,3,1763.0,3,1,357781.0
695,Downtown,Single Family,2414.0,6.0,3.0,1973,0,,5,-1,884829.0
696,Suburbs,Single Family,1585.0,3.0,1.0,2002,2,5387.0,3,0,471697.0
697,Downtown,Single Family,2547.0,5.0,3.0,2005,0,2559.0,4,-1,880061.0
698,Suburbs,Townhouse,1099.0,1.0,1.0,2012,2,6160.0,3,0,290924.0
699,Downtown,Condo,1027.0,2.0,1.0,1957,1,1653.0,8,1,359413.0
700,Suburbs,Single Family,2559.0,5.0,2.0,2008,3,6437.0,7,-1,729179.0
701,Suburbs,Townhouse,788.0,2.0,2.0,1994,1,3279.0,6,0,303241.0
702,Downtown,Single Family,1987.0,4.0,3.0,1976,0,3077.0,4,-1,724974.0
703,Downtown,Single Family,2113.0,5.0,,2001,1,3147.0,6,0,813691.0
704,Downtown,Single Family,1964.0,3.0,2.0,1967,0,1225.0,6,0,681797.0
705,Downtown,Condo,1420.0,2.0,1.0,1965,2,1000.0,6,0,439960.0
706,Beachfront,Townhouse,942.0,1.0,1.0,2015,2,1767.0,2,0,445082.0
707,Downtown,Single Family,2033.0,3.0,2.0,1954,1,,10,0,759673.0
708,Countryside,Townhouse,1261.0,3.0,2.0,1952,2,7664.0,6,-1,252222.0
709,Downtown,Single Family,1839.0,3.0,,2019,0,2501.0,9,0,711567.0
710,Suburbs,Townhouse,,2.0,1.0,1956,1,6937.0,1,-1,296063.0
711,Suburbs,Condo,995.0,1.0,1.0,1999,1,3635.0,4,1,259089.0
712,Suburbs,Townhouse,1100.0,3.0,,1963,1,3045.0,3,1,344381.0
713,Suburbs,Single Family,2171.0,4.0,2.0,1987,0,4930.0,7,-1,629623.0
714,Suburbs,Townhouse,1041.0,2.0,2.0,1996,2,4319.0,5,-1,331027.0
715,Downtown,Condo,500.0,1.0,1.0,1982,0,1519.0,8,-1,211905.0
716,Countryside,Single Family,2296.0,,2.0,1992,1,9266.0,8,1,459611.0
717,Countryside,Townhouse,1726.0,4.0,2.0,1978,0,7879.0,7,1,341985.0
718,Beachfront,Single Family,2205.0,3.0,2.0,2006,2,1971.0,7,0,1048979.0
719,Downtown,Townhouse,1267.0,4.0,2.0,1954,0,1563.0,7,0,535362.0
720,Suburbs,Single Family,2407.0,6.0,3.0,2009,1,4961.0,7,-1,725594.0
721,Countryside,Condo,519.0,1.0,1.0,2019,0,8268.0,5,0,121756.0
722,Downtown,Condo,1410.0,2.0,1.0,1951,2,4784.0,7,1,463108.0
723,Downtown,Single Family,2260.0,5.0,,2019,1,2279.0,8,0,891139.0
724,Suburbs,Single Family,2689.0,5.0,3.0,1992,2,6162.0,5,1,764567.0
725,Suburbs,Single Family,1980.0,3.0,2.0,1953,0,5186.0,9,0,600918.0
726,Countryside,Single Family,2745.0,5.0,2.0,2005,2,5972.0,1,-1,496738.0
727,Downtown,Single Family,2432.0,4.0,1.0,2008,0,1432.0,5,0,806494.0
728,Suburbs,Condo,1065.0,3.0,1.0,1958,0,5278.0,3,0,280004.0
729,Downtown,Single Family,2270.0,4.0,1.0,1952,1,2723.0,3,1,772164.0
730,Downtown,Single Family,2125.0,5.0,3.0,1997,0,2210.0,8,0,833878.0
731,Downtown,Condo,1260.0,3.0,2.0,1992,0,2920.0,9,0,453937.0
732,Countryside,Single Family,2242.0,4.0,,1950,3,6540.0,7,0,452648.0
733,Suburbs,Townhouse,609.0,1.0,1.0,2006,3,5048.0,10,0,278597.0
734,Suburbs,Townhouse,864.0,2.0,1.0,2002,2,6327.0,4,0,301319.0
735,Downtown,Condo,844.0,1.0,1.0,1965,0,1028.0,3,1,262144.0
736,Countryside,Condo,992.0,3.0,1.0,2000,0,9120.0,6,0,191339.0
737,Downtown,Townhouse,1183.0,,1.0,2004,1,3068.0,8,-1,448168.0
738,Countryside,Single Family,2565.0,6.0,2.0,1950,0,6762.0,1,1,479595.0
739,Suburbs,Single Family,1614.0,3.0,2.0,1977,3,5337.0,10,-1,556064.0
740,Downtown,Single Family,2243.0,3.0,1.0,2002,0,2158.0,7,-1,720914.0
741,Suburbs,Condo,500.0,1.0,1.0,2007,3,4823.0,10,0,222908.0
742,Downtown,Single Family,2427.0,6.0,3.0,2022,1,1000.0,5,-1,897505.0
743,Suburbs,Condo,871.0,,1.0,2009,2,4736.0,6,1,276841.0
744,Suburbs,Townhouse,1325.0,1.0,1.0,2008,0,4843.0,7,0,349540.0
745,Downtown,Townhouse,940.0,1.0,1.0,1971,2,1000.0,7,0,386871.0
746,Countryside,Condo,1283.0,3.0,2.0,1957,0,6694.0,4,-1,233692.0
747,Downtown,Single Family,2512.0,5.0,2.0,1998,1,1073.0,9,-1,892949.0
748,Suburbs,Townhouse,1375.0,4.0,2.0,1991,2,3951.0,8,0,466839.0
749,Countryside,Condo,861.0,2.0,1.0,1976,0,,1,0,161503.0
750,Suburbs,Single Family,2373.0,6.0,3.0,1988,1,5911.0,3,1,743532.0
751,Downtown,Single Family,1987.0,3.0,1.0,1974,1,,6,-1,670696.0
752,Countryside,Townhouse,1456.0,3.0,2.0,1987,1,8766.0,6,0,266965.0
753,Suburbs,Condo,1394.0,4.0,1.0,1973,1,5952.0,7,-1,371227.0
754,Downtown,Townhouse,1521.0,4.0,2.0,1973,1,1914.0,2,0,579086.0
755,Downtown,Townhouse,981.0,1.0,1.0,2009,1,2408.0,7,0,363048.0
756,Suburbs,Condo,1008.0,1.0,1.0,1999,1,4776.0,7,-1,264869.0
757,Suburbs,Condo,512.0,1.0,2.0,2015,1,3877.0,4,0,176835.0
758,Suburbs,Single Family,2371.0,5.0,2.0,1963,0,4253.0,6,-1,685148.0
759,Countryside,Single Family,2335.0,5.0,3.0,2002,2,8326.0,4,0,449218.0
760,Suburbs,Single Family,1639.0,3.0,1.0,1981,2,4878.0,3,0,463089.0
761,Downtown,Condo,551.0,1.0,1.0,1997,1,2737.0,6,-1,237988.0
762,Downtown,Condo,,,1.0,1988,1,1000.0,10,1,334183.0
763,Downtown,Townhouse,1109.0,3.0,2.0,1989,1,1000.0,4,0,468192.0
764,Suburbs,Single Family,1837.0,3.0,1.0,1991,2,3471.0,5,1,555494.0
765,Downtown,Condo,1016.0,2.0,1.0,1957,1,2166.0,4,-1,312995.0
766,Suburbs,Condo,975.0,1.0,1.0,1975,0,3621.0,4,1,249482.0
767,Suburbs,Condo,,3.0,2.0,1961,1,5320.0,6,-1,277030.0
768,Countryside,Condo,673.0,1.0,1.0,1992,0,8753.0,7,0,127650.0
769,Downtown,Single Family,2514.0,5.0,3.0,2000,0,3516.0,1,1,885336.0
770,Countryside,Condo,1396.0,2.0,1.0,2012,1,9405.0,10,-1,243429.0
771,Downtown,Single Family,2054.0,4.0,2.0,1998,1,1304.0,1,-1,701948.0
772,Countryside,Single Family,2016.0,6.0,3.0,1976,1,6330.0,8,1,458672.0
773,Downtown,Single Family,2347.0,4.0,2.0,1958,1,1368.0,8,0,840339.0
774,Downtown,Condo,792.0,1.0,1.0,1988,3,2976.0,6,0,310390.0
775,Suburbs,Townhouse,1158.0,2.0,2.0,2014,1,,3,-1,328727.0
776,Downtown,Condo,,3.0,1.0,2020,1,1975.0,6,0,393383.0
777,Downtown,Condo,500.0,1.0,1.0,2020,0,1442.0,7,-1,223246.0
778,Suburbs,Condo,1295.0,2.0,2.0,1956,0,6581.0,8,1,344136.0
779,Suburbs,Condo,921.0,3.0,1.0,2021,1,3985.0,6,0,295270.0
780,Suburbs,Single Family,2076.0,5.0,2.0,2016,1,5066.0,6,1,644099.0
781,Suburbs,Single Family,2173.0,3.0,2.0,1959,2,6108.0,8,-1,625467.0
782,Suburbs,Single Family,2188.0,4.0,2.0,2020,1,6841.0,10,1,663884.0
783,Downtown,Single Family,1680.0,4.0,3.0,2002,1,1305.0,7,0,714057.0
784,Downtown,Single Family,2648.0,6.0,3.0,2006,0,2960.0,8,1,984515.0
785,Downtown,Single Family,2212.0,4.0,,1976,0,1367.0,6,-1,776853.0
786,Countryside,Single Family,2332.0,2.0,1.0,2003,3,9377.0,7,1,406220.0
787,Suburbs,Townhouse,1485.0,3.0,2.0,1953,1,6729.0,7,0,439942.0
788,Suburbs,Single Family,1893.0,2.0,1.0,1972,0,4110.0,7,-1,491329.0
789,Suburbs,Single Family,2342.0,,1.0,1997,2,5653.0,5,0,601539.0
790,Countryside,Single Family,2119.0,2.0,1.0,1991,2,9113.0,6,-1,358141.0
791,Downtown,Condo,1154.0,2.0,1.0,1952,1,1705.0,6,0,380055.0
792,Suburbs,Single Family,1561.0,3.0,1.0,1952,0,5547.0,5,0,449907.0
793,Suburbs,Single Family,2170.0,4.0,2.0,1977,1,5600.0,5,0,622619.0
794,Suburbs,Condo,719.0,2.0,1.0,2012,0,7009.0,7,0,234689.0
795,Downtown,Single Family,2329.0,5.0,3.0,1980,2,1000.0,6,0,895299.0
796,Countryside,Single Family,2341.0,6.0,3.0,1959,1,7944.0,3,-1,465658.0
797,Countryside,Single Family,1987.0,2.0,1.0,1998,1,6749.0,8,1,388783.0
798,Suburbs,Single Family,1986.0,3.0,1.0,1970,1,5013.0,8,1,573901.0
799,Suburbs,Single Family,2166.0,3.0,,2002,0,4217.0,6,0,574674.0
800,Countryside,Single Family,1931.0,3.0,2.0,2003,0,7745.0,4,-1,383843.0
801,Suburbs,Townhouse,1452.0,2.0,2.0,2006,3,4125.0,9,0,443765.0
802,Downtown,Condo,789.0,,1.0,1969,0,2155.0,8,1,313532.0
803,Suburbs,Condo,500.0,1.0,,1998,0,6073.0,4,0,178765.0
804,Suburbs,Single Family,2087.0,,2.0,1956,3,4627.0,2,0,663347.0
805,Suburbs,Townhouse,888.0,2.0,1.0,1978,1,6430.0,6,-1,275694.0
806,Suburbs,Single Family,1710.0,6.0,3.0,1997,2,6043.0,7,1,628555.0
807,Countryside,Single Family,1828.0,3.0,1.0,1962,0,,3,0,319822.0
808,Countryside,Condo,932.0,1.0,1.0,1952,1,8411.0,6,-1,164727.0
809,Suburbs,Single Family,2598.0,6.0,3.0,1951,1,4938.0,6,-1,751966.0
810,Downtown,Single Family,2293.0,4.0,1.0,1965,2,1000.0,8,0,801666.0
811,Beachfront,Condo,718.0,2.0,1.0,1955,0,1218.0,6,0,378757.0
812,Countryside,Townhouse,1336.0,2.0,1.0,1994,1,7792.0,6,0,252685.0
813,Downtown,Single Family,2062.0,4.0,1.0,2020,2,1910.0,10,1,791965.0
814,Countryside,Condo,691.0,1.0,1.0,1954,1,,4,-1,145424.0
815,Countryside,Townhouse,853.0,2.0,2.0,2005,1,7793.0,4,1,195747.0
816,Suburbs,Single Family,1674.0,3.0,1.0,2020,0,3231.0,7,0,493141.0
817,Suburbs,Single Family,2083.0,4.0,3.0,1981,0,5664.0,4,0,605091.0
818,Downtown,Single Family,2247.0,6.0,3.0,1998,1,2606.0,8,1,919884.0
819,Downtown,Single Family,2171.0,4.0,2.0,1962,1,1541.0,2,0,760888.0
820,Downtown,Single Family,2075.0,5.0,3.0,1979,3,4127.0,3,0,842851.0
821,Countryside,Townhouse,916.0,2.0,,1974,2,6103.0,9,1,235898.0
822,Downtown,Condo,1082.0,1.0,1.0,2009,1,3249.0,6,0,340793.0
823,Downtown,Condo,504.0,1.0,1.0,2008,2,1708.0,7,0,265128.0
824,Downtown,Single Family,2432.0,4.0,1.0,1977,0,1049.0,4,1,817502.0
825,Suburbs,Townhouse,899.0,2.0,1.0,2007,1,,3,0,306449.0
826,Countryside,Townhouse,974.0,,1.0,1969,0,8736.0,8,0,193429.0
827,Downtown,Townhouse,759.0,1.0,1.0,1983,0,1701.0,5,1,315171.0
828,Downtown,Single Family,2049.0,6.0,2.0,1954,2,1681.0,6,0,849122.0
829,Suburbs,Condo,1192.0,2.0,2.0,2009,1,5275.0,1,-1,272015.0
830,Suburbs,Single Family,2354.0,5.0,3.0,1992,1,4538.0,5,1,709954.0
831,Downtown,Single Family,2493.0,5.0,3.0,2006,1,3299.0,7,-1,912943.0
832,Suburbs,Single Family,2356.0,4.0,,2006,1,5087.0,8,1,698472.0
833,Downtown,Condo,568.0,2.0,1.0,2003,0,3017.0,7,1,259907.0
834,Downtown,Condo,800.0,1.0,1.0,1994,1,2207.0,7,0,286618.0
835,Suburbs,Single Family,1965.0,2.0,1.0,1986,1,5869.0,6,-1,491074.0
836,Suburbs,Single Family,2599.0,6.0,3.0,1997,2,6345.0,6,-1,782729.0
837,Countryside,Single Family,1840.0,,2.0,2003,0,9680.0,7,0,363044.0
838,Downtown,Single Family,2468.0,5.0,3.0,1997,0,2490.0,4,1,907190.0
839,Suburbs,Single Family,2467.0,4.0,2.0,1955,1,4133.0,4,0,672291.0
840,Suburbs,Single Family,2748.0,5.0,3.0,1983,2,4827.0,9,-1,817409.0
841,Downtown,Condo,777.0,1.0,1.0,2012,1,1973.0,1,0,250570.0
842,Suburbs,Single Family,2413.0,6.0,,1997,2,4426.0,3,1,724329.0
843,Downtown,Single Family,2884.0,6.0,3.0,1972,3,1259.0,6,0,1065128.0
844,Beachfront,Single Family,2014.0,5.0,3.0,1962,3,2174.0,7,1,1136873.0
845,Downtown,Townhouse,739.0,1.0,1.0,1996,2,1016.0,6,0,336171.0
846,Suburbs,Condo,500.0,1.0,1.0,1993,2,3822.0,5,1,204894.0
847,Downtown,Condo,1113.0,2.0,1.0,1981,0,1000.0,10,0,384311.0
848,Beachfront,Single Family,1635.0,5.0,2.0,1975,2,2480.0,7,-1,938748.0
849,Suburbs,Condo,788.0,1.0,1.0,2002,1,5341.0,8,1,260054.0
850,Suburbs,Single Family,2331.0,4.0,2.0,1963,3,4675.0,1,0,650572.0
851,Downtown,Condo,955.0,1.0,,2001,0,2994.0,4,-1,274801.0
852,Suburbs,Townhouse,1327.0,1.0,1.0,1985,1,4001.0,5,1,355671.0
853,Downtown,Condo,966.0,2.0,2.0,1957,1,2380.0,3,0,341661.0
854,Countryside,Townhouse,1583.0,3.0,2.0,1989,1,8054.0,2,-1,269008.0
855,Downtown,Condo,614.0,1.0,1.0,1971,0,1259.0,4,0,219691.0
856,Downtown,Single Family,1996.0,3.0,2.0,1965,1,1507.0,6,1,743311.0
857,Downtown,Townhouse,968.0,3.0,1.0,2009,2,1430.0,7,0,445624.0
858,Suburbs,Single Family,2449.0,5.0,3.0,2009,1,5252.0,7,-1,731074.0
859,Suburbs,Condo,1170.0,2.0,,1959,0,5593.0,1,0,274027.0
860,Downtown,Single Family,2335.0,4.0,2.0,1974,2,1573.0,6,0,850785.0
861,Suburbs,Single Family,2555.0,5.0,3.0,1980,0,4287.0,3,1,714564.0
862,Suburbs,Single Family,1846.0,,2.0,1970,0,5137.0,6,-1,528919.0
863,Suburbs,Single Family,2700.0,6.0,3.0,1982,1,3348.0,6,0,784484.0
864,Suburbs,Single Family,2656.0,6.0,2.0,1980,2,5034.0,6,-1,763941.0
865,Suburbs,Condo,1120.0,2.0,1.0,1970,1,6561.0,8,0,313604.0
866,Suburbs,Single Family,2734.0,5.0,2.0,1985,1,4296.0,8,1,792808.0
867,Downtown,Single Family,1703.0,6.0,3.0,2014,1,1823.0,7,-1,761220.0
868,Downtown,Condo,742.0,2.0,1.0,1953,1,3024.0,8,0,342573.0
869,Countryside,Single Family,1979.0,4.0,2.0,2017,0,8754.0,7,0,394198.0
870,Countryside,Condo,1116.0,2.0,2.0,1953,3,8061.0,8,1,236007.0
871,Downtown,Condo,584.0,2.0,2.0,1958,2,1941.0,6,0,312382.0
872,Downtown,Townhouse,1427.0,3.0,1.0,1979,1,,6,0,515789.0
873,Suburbs,Condo,1311.0,3.0,1.0,1994,1,5491.0,7,1,365645.0
874,Suburbs,Single Family,2408.0,5.0,3.0,1953,2,3656.0,1,1,696678.0
875,Downtown,Condo,985.0,1.0,1.0,2018,1,1000.0,7,1,353521.0
876,Downtown,Single Family,1903.0,1.0,1.0,1972,0,3008.0,9,0,648056.0
877,Suburbs,Single Family,1945.0,4.0,1.0,1965,0,5386.0,7,1,569171.0
878,Suburbs,Condo,1274.0,2.0,1.0,1971,1,5879.0,1,-1,288588.0
879,Downtown,Single Family,2433.0,6.0,3.0,2021,3,1263.0,5,-1,923273.0
880,Downtown,Condo,888.0,2.0,1.0,1997,0,2466.0,8,0,341519.0
881,Downtown,Townhouse,1074.0,,1.0,2011,0,1560.0,10,0,407509.0
882,Suburbs,Townhouse,592.0,1.0,1.0,2009,1,4672.0,5,1,220960.0
883,Downtown,Townhouse,878.0,1.0,1.0,1954,2,2973.0,8,-1,346876.0
884,Downtown,Single Family,2773.0,,2.0,1956,0,1850.0,8,1,978184.0
885,Suburbs,Single Family,1815.0,4.0,2.0,2000,0,4303.0,3,1,564703.0
886,Downtown,Condo,956.0,2.0,1.0,2014,1,1000.0,8,0,349613.0
887,Suburbs,Single Family,2502.0,5.0,2.0,1958,1,5360.0,5,1,718658.0
888,Downtown,Condo,523.0,1.0,1.0,1994,0,3059.0,6,-1,216334.0
889,Downtown,Condo,955.0,1.0,1.0,1996,0,1216.0,6,-1,307884.0
890,Downtown,Condo,1181.0,2.0,1.0,2016,1,2688.0,7,1,411602.0
891,Suburbs,Single Family,2203.0,5.0,2.0,1973,1,4057.0,7,0,673068.0
892,Countryside,Single Family,3060.0,6.0,3.0,1959,3,8749.0,6,-1,570880.0
893,Countryside,Single Family,1699.0,4.0,3.0,2022,1,8032.0,8,0,390812.0
894,Downtown,Single Family,2517.0,6.0,3.0,1997,0,2267.0,8,1,973284.0
895,Suburbs,Townhouse,1148.0,3.0,1.0,1984,1,4302.0,7,0,376516.0
896,Downtown,Single Family,2431.0,5.0,3.0,2003,1,2357.0,6,0,886110.0
897,Downtown,Single Family,2332.0,5.0,,2020,0,1402.0,1,0,813703.0
898,Countryside,Single Family,1980.0,2.0,,1965,3,7586.0,6,1,395371.0
899,Downtown,Condo,968.0,1.0,1.0,2002,2,1000.0,8,-1,355439.0
900,Downtown,Condo,500.0,1.0,1.0,1989,0,1227.0,3,-1,197301.0
901,Downtown,Single Family,2380.0,6.0,3.0,1969,0,1474.0,10,0,932288.0
902,Downtown,Single Family,2289.0,4.0,,2018,0,2312.0,8,0,816574.0
903,Downtown,Single Family,2391.0,4.0,3.0,1994,0,2595.0,7,0,858790.0
904,Suburbs,Single Family,2517.0,5.0,3.0,1955,1,4392.0,7,-1,714575.0
905,Suburbs,Condo,1010.0,1.0,,2018,1,4835.0,6,-1,258304.0
906,Countryside,Condo,944.0,2.0,1.0,1998,3,9686.0,7,-1,182693.0
907,Countryside,Single Family,1935.0,2.0,2.0,1988,0,8131.0,6,-1,343798.0
908,Downtown,Single Family,1986.0,5.0,2.0,1951,1,1463.0,8,0,783162.0
909,Downtown,Townhouse,1556.0,2.0,1.0,1988,2,1000.0,7,0,524518.0
910,Downtown,Single Family,2630.0,6.0,3.0,1970,1,1146.0,7,0,983815.0
911,Suburbs,Condo,828.0,1.0,1.0,1989,0,4107.0,7,0,227827.0
912,Downtown,Single Family,2213.0,5.0,3.0,2003,0,,2,-1,779012.0
913,Suburbs,Single Family,1928.0,4.0,2.0,1961,1,4151.0,2,0,577535.0
914,Suburbs,Single Family,2551.0,6.0,3.0,1986,3,5051.0,8,-1,778155.0
915,Suburbs,Condo,1099.0,1.0,1.0,1987,3,5370.0,4,-1,254896.0
916,Suburbs,Townhouse,1782.0,,2.0,1964,3,6106.0,6,-1,520687.0
917,Downtown,Single Family,1936.0,2.0,1.0,1956,2,2008.0,6,1,680104.0
918,Countryside,Single Family,2086.0,4.0,2.0,1999,1,7489.0,1,0,389707.0
919,Suburbs,Single Family,2269.0,6.0,3.0,2014,3,,1,1,721581.0
920,Downtown,Single Family,2393.0,5.0,3.0,2016,3,2356.0,8,0,948706.0
921,Countryside,Single Family,2135.0,5.0,2.0,1993,1,7315.0,7,0,454637.0
922,Suburbs,Single Family,1938.0,3.0,2.0,1980,0,3895.0,6,1,567534.0
923,Countryside,Condo,,2.0,,1992,1,7489.0,9,-1,196243.0
924,Suburbs,Single Family,2416.0,,2.0,1997,0,3675.0,3,-1,682459.0
925,Suburbs,Single Family,1925.0,1.0,1.0,2010,0,6850.0,4,1,489891.0
926,Downtown,Townhouse,1606.0,4.0,2.0,1959,3,2596.0,7,0,639036.0
927,Downtown,Single Family,2551.0,5.0,3.0,1978,3,3620.0,7,-1,950372.0
928,Suburbs,Townhouse,1240.0,4.0,2.0,1997,0,5485.0,6,-1,389395.0
929,Suburbs,Single Family,2223.0,3.0,1.0,2011,1,6524.0,10,1,624933.0
930,Downtown,Townhouse,1366.0,1.0,1.0,1962,2,2367.0,9,1,491835.0
931,Downtown,Condo,641.0,1.0,1.0,1993,1,2726.0,1,0,219990.0
932,Countryside,Townhouse,1209.0,3.0,2.0,1996,1,5866.0,3,-1,245943.0
933,Beachfront,Townhouse,554.0,1.0,1.0,2013,2,1085.0,8,1,430773.0
934,Suburbs,Single Family,2462.0,5.0,3.0,2002,2,5036.0,5,0,732723.0
935,Downtown,Townhouse,731.0,3.0,1.0,1993,3,2061.0,2,0,378176.0
936,Downtown,Single Family,2651.0,5.0,2.0,1977,1,1923.0,7,0,948509.0
937,Downtown,Single Family,2100.0,5.0,2.0,1951,0,2452.0,6,0,787296.0
938,Countryside,Single Family,2136.0,4.0,2.0,2006,3,8494.0,6,0,432769.0
939,Downtown,Condo,711.0,1.0,1.0,2006,0,2865.0,3,1,256304.0
940,Suburbs,Single Family,2113.0,4.0,2.0,1983,2,5668.0,7,1,655515.0
941,Downtown,Condo,1325.0,2.0,1.0,2007,0,3204.0,6,0,399924.0
942,Suburbs,Condo,500.0,1.0,1.0,2001,1,6212.0,4,-1,184550.0
943,Suburbs,Condo,1283.0,2.0,1.0,1978,1,,5,-1,321340.0
944,Countryside,Townhouse,1301.0,3.0,2.0,1984,0,10081.0,6,0,266160.0
945,Downtown,Single Family,1837.0,3.0,1.0,1997,3,3359.0,9,0,712204.0
946,Downtown,Single Family,1877.0,2.0,1.0,1982,0,1193.0,9,0,644268.0
947,Downtown,Single Family,2702.0,6.0,3.0,2022,2,2392.0,4,-1,979803.0
948,Countryside,Single Family,1916.0,2.0,1.0,1958,2,6157.0,7,-1,354830.0
949,Countryside,Single Family,1853.0,1.0,1.0,1997,1,6325.0,7,0,323264.0
950,Suburbs,Single Family,2541.0,6.0,,2016,2,4500.0,8,0,789884.0
951,Suburbs,Single Family,2301.0,,2.0,1985,0,4124.0,6,0,658258.0
952,Suburbs,Townhouse,918.0,1.0,1.0,2020,2,4506.0,1,0,272509.0
953,Downtown,Condo,964.0,1.0,1.0,1993,1,2328.0,7,1,335099.0
954,Countryside,Single Family,1892.0,3.0,2.0,2009,1,9225.0,3,1,374720.0
955,Suburbs,Condo,1230.0,2.0,1.0,2012,1,6171.0,3,0,298833.0
956,Downtown,Single Family,2518.0,4.0,2.0,1954,1,2413.0,7,-1,875738.0
957,Suburbs,Single Family,2359.0,4.0,2.0,1989,3,3912.0,10,0,713390.0
958,Downtown,Condo,1008.0,2.0,1.0,1968,0,1442.0,4,0,333379.0
959,Downtown,Single Family,2728.0,6.0,3.0,1996,1,,7,-1,975014.0
960,Suburbs,Single Family,2199.0,4.0,,2014,0,4173.0,5,1,644065.0
961,Downtown,Townhouse,845.0,2.0,1.0,2016,2,1000.0,8,0,393621.0
962,Suburbs,Townhouse,1334.0,1.0,1.0,1967,0,5492.0,6,0,357395.0
963,Downtown,Condo,1525.0,3.0,1.0,1999,1,1951.0,4,0,460482.0
964,Downtown,Condo,595.0,1.0,1.0,1979,0,1789.0,4,-1,218859.0
965,Downtown,Condo,791.0,1.0,1.0,2015,1,3109.0,6,-1,274886.0
966,Downtown,Single Family,2324.0,4.0,2.0,1954,2,3088.0,3,0,821421.0
967,Suburbs,Single Family,2183.0,6.0,4.0,1991,2,6781.0,2,-1,698207.0
968,Downtown,Single Family,1905.0,3.0,1.0,1954,2,1348.0,7,-1,670660.0
969,Suburbs,Single Family,2536.0,6.0,3.0,1999,1,5429.0,6,1,768312.0
970,Suburbs,Condo,1596.0,2.0,1.0,2007,2,5019.0,7,0,390224.0
971,Suburbs,Single Family,2258.0,4.0,3.0,1957,1,5338.0,3,-1,627556.0
972,Countryside,Townhouse,928.0,,1.0,1980,3,6865.0,7,0,199830.0
973,Suburbs,Townhouse,735.0,1.0,1.0,1961,1,3597.0,6,0,255962.0
974,Downtown,Condo,977.0,1.0,1.0,1970,1,1959.0,2,0,302871.0
975,Downtown,Condo,1231.0,2.0,1.0,2011,0,1157.0,6,-1,367361.0
976,Downtown,Townhouse,1342.0,3.0,1.0,1982,1,2938.0,2,0,485673.0
977,Suburbs,Single Family,2199.0,5.0,2.0,1975,0,3499.0,8,-1,646510.0
978,Downtown,Condo,723.0,,,1989,2,1000.0,7,0,285351.0
979,Suburbs,Single Family,1872.0,4.0,3.0,2014,1,4583.0,6,0,578811.0
980,Suburbs,Condo,,1.0,1.0,2008,3,3461.0,3,-1,291224.0
981,Downtown,Single Family,2474.0,6.0,,1964,0,3676.0,4,-1,906027.0
982,Suburbs,Townhouse,736.0,1.0,1.0,1950,0,4817.0,6,0,243304.0
983,Downtown,Townhouse,1676.0,4.0,2.0,1960,2,1397.0,7,0,621261.0
984,Downtown,Single Family,2372.0,5.0,2.0,2004,1,2467.0,3,-1,824979.0
985,Suburbs,Single Family,2619.0,4.0,2.0,1951,1,5883.0,1,-1,672479.0
986,Suburbs,Townhouse,797.0,1.0,1.0,2014,2,5206.0,5,1,266345.0
987,Suburbs,Single Family,1790.0,,2.0,1993,1,4931.0,6,-1,521443.0
988,Suburbs,Townhouse,1155.0,1.0,1.0,1965,0,4016.0,3,1,299265.0
989,Downtown,Condo,1050.0,3.0,2.0,1971,2,2630.0,6,-1,395347.0
990,Countryside,Single Family,2738.0,5.0,2.0,1967,0,9416.0,5,-1,481244.0
991,Suburbs,Single Family,,5.0,2.0,1996,2,4780.0,6,0,703762.0
992,Suburbs,Single Family,2127.0,5.0,2.0,1979,0,4151.0,5,-1,625729.0
993,Downtown,Condo,592.0,1.0,1.0,1959,1,2181.0,7,-1,243843.0
994,Suburbs,Single Family,2569.0,5.0,2.0,2007,0,5002.0,1,-1,676508.0
995,Downtown,Condo,610.0,,1.0,2011,2,1000.0,3,1,294158.0
996,Downtown,Single Family,,6.0,3.0,1955,0,1497.0,6,0,956989.0
997,Countryside,Condo,814.0,1.0,1.0,2016,2,9788.0,5,0,155944.0
998,Downtown,Townhouse,1677.0,3.0,2.0,1990,1,1000.0,5,1,587900.0
999,Beachfront,Townhouse,1403.0,,1.0,1992,0,1309.0,8,1,660654.0
1000,Suburbs,Single Family,2158.0,,2.0,1967,2,4051.0,8,0,673637.0
1001,Downtown,Townhouse,1044.0,1.0,,2007,1,1139.0,4,0,397419.0
1002,Suburbs,Condo,797.0,3.0,1.0,2009,0,4554.0,8,-1,265047.0
1003,Countryside,Condo,1028.0,2.0,1.0,1976,0,,6,-1,183455.0
1004,Suburbs,Townhouse,1223.0,3.0,,2017,1,6308.0,4,-1,365079.0
1005,Countryside,Single Family,2021.0,6.0,2.0,1971,0,8203.0,10,-1,439600.0
1006,Suburbs,Single Family,2150.0,6.0,3.0,1973,0,,8,-1,700363.0
1007,Suburbs,Townhouse,1223.0,3.0,3.0,1989,0,6539.0,10,1,435265.0
1008,Countryside,Single Family,1561.0,3.0,1.0,2015,1,5931.0,3,1,326030.0
1009,Downtown,Townhouse,1337.0,3.0,1.0,1989,1,2673.0,3,-1,457085.0
1010,Suburbs,Townhouse,906.0,1.0,,1955,0,3973.0,6,-1,269242.0
1011,Downtown,Single Family,1854.0,3.0,2.0,1967,3,1949.0,7,-1,720115.0
1012,Beachfront,Townhouse,693.0,1.0,1.0,1979,2,2563.0,3,-1,387454.0
1013,Countryside,Single Family,1661.0,3.0,1.0,1970,0,6394.0,8,-1,322253.0
1014,Downtown,Condo,500.0,1.0,,2011,0,2141.0,6,1,225050.0
1015,Suburbs,Condo,687.0,1.0,1.0,1959,3,5218.0,6,-1,228677.0
1016,Countryside,Townhouse,1785.0,2.0,2.0,1962,1,9462.0,7,-1,309652.0
1017,Downtown,Single Family,2042.0,5.0,2.0,1958,1,,7,-1,774348.0
1018,Suburbs,Single Family,2253.0,,1.0,2017,1,3447.0,1,1,597300.0
1019,Countryside,Condo,1020.0,2.0,1.0,1988,2,9417.0,10,1,217019.0
1020,Downtown,Condo,939.0,1.0,1.0,1973,0,1962.0,5,1,315306.0
1021,Suburbs,Condo,876.0,5.0,2.0,1983,2,4191.0,2,0,314527.0
1022,Downtown,Single Family,1841.0,5.0,,2010,2,,8,-1,759407.0
1023,Countryside,Single Family,2635.0,4.0,3.0,1990,1,6697.0,10,-1,498899.0
1024,Beachfront,Single Family,2742.0,6.0,4.0,1954,2,1000.0,8,0,1416213.0
1025,Countryside,Townhouse,695.0,1.0,1.0,1999,0,6264.0,8,1,167235.0
1026,Suburbs,Single Family,1892.0,2.0,2.0,1953,1,5546.0,7,-1,547864.0
1027,Countryside,Single Family,2116.0,3.0,2.0,2000,1,8327.0,9,0,410538.0
1028,Countryside,Townhouse,910.0,2.0,1.0,2001,1,7185.0,1,0,172981.0
1029,Downtown,Single Family,2351.0,4.0,2.0,1988,0,,7,-1,802699.0
1030,Countryside,Townhouse,981.0,2.0,1.0,1957,1,7337.0,7,0,202872.0
1031,Downtown,Condo,1549.0,3.0,3.0,1994,0,3282.0,1,0,469328.0
1032,Suburbs,Townhouse,1557.0,4.0,1.0,1977,0,5122.0,6,-1,434684.0
1033,Downtown,Single Family,,4.0,2.0,1976,0,1323.0,6,0,796681.0
1034,Downtown,Single Family,2508.0,6.0,,2014,2,1885.0,7,1,972699.0
1035,Downtown,Condo,1231.0,3.0,2.0,1983,0,1000.0,2,-1,377456.0
1036,Suburbs,Townhouse,1030.0,1.0,1.0,2011,1,5216.0,8,0,317193.0
1037,Downtown,Condo,655.0,1.0,1.0,2011,0,2030.0,3,-1,232440.0
1038,Suburbs,Single Family,2223.0,6.0,2.0,1987,0,5527.0,6,0,671111.0
1039,Downtown,Condo,1158.0,2.0,1.0,1975,1,2879.0,8,1,380624.0
1040,Downtown,Condo,941.0,2.0,1.0,1973,0,2115.0,6,0,319417.0
1041,Suburbs,Condo,500.0,1.0,1.0,1988,1,3523.0,5,-1,187863.0
1042,Suburbs,Condo,,1.0,1.0,1970,1,,1,1,192615.0
1043,Downtown,Townhouse,1177.0,1.0,1.0,1996,3,2014.0,7,1,450528.0
1044,Suburbs,Condo,877.0,1.0,,1997,3,3105.0,10,0,290533.0
1045,Countryside,Single Family,2791.0,4.0,2.0,1962,1,8309.0,9,0,503938.0
1046,Suburbs,Single Family,1784.0,3.0,2.0,1952,2,5385.0,7,-1,556974.0
1047,Downtown,Single Family,2351.0,3.0,2.0,1981,0,1641.0,3,1,772266.0
1048,Downtown,Single Family,2646.0,4.0,1.0,1984,1,1802.0,4,0,849394.0
1049,Countryside,Single Family,2881.0,6.0,3.0,1968,2,7404.0,3,0,557822.0
1050,Downtown,Single Family,2078.0,5.0,2.0,1963,0,,5,-1,760478.0
1051,Countryside,Single Family,2347.0,4.0,2.0,1997,0,8139.0,4,0,415217.0
1052,Suburbs,Single Family,,3.0,,2017,0,4091.0,4,1,617718.0
1053,Countryside,Townhouse,1258.0,1.0,1.0,1994,1,9617.0,7,1,234057.0
1054,Suburbs,Townhouse,,1.0,1.0,1968,1,4334.0,5,-1,296542.0
1055,Beachfront,Single Family,2330.0,5.0,3.0,2013,1,1000.0,7,0,1179951.0
1056,Downtown,Townhouse,500.0,1.0,1.0,2015,1,1529.0,9,0,288420.0
1057,Suburbs,Condo,1104.0,,1.0,2015,1,6030.0,7,1,276126.0
1058,Suburbs,Single Family,2237.0,3.0,2.0,1994,2,,7,1,638407.0
1059,Suburbs,Single Family,,5.0,2.0,2016,0,3365.0,7,1,672653.0
1060,Suburbs,Condo,1514.0,2.0,1.0,2018,2,3971.0,5,1,372813.0
1061,Countryside,Condo,697.0,1.0,1.0,1952,1,6919.0,1,-1,138466.0
1062,Beachfront,Condo,779.0,2.0,1.0,1987,2,1424.0,2,1,422088.0
1063,Suburbs,Single Family,2797.0,6.0,2.0,1991,2,4738.0,4,0,803371.0
1064,Suburbs,Single Family,1950.0,4.0,,1989,1,5493.0,7,-1,590557.0
1065,Suburbs,Single Family,2034.0,3.0,2.0,1999,0,5128.0,9,-1,566537.0
1066,Suburbs,Single Family,2155.0,5.0,2.0,1984,1,5176.0,10,-1,670068.0
1067,Downtown,Single Family,2452.0,6.0,2.0,1973,3,3779.0,1,1,909473.0
1068,Downtown,Single Family,2262.0,4.0,3.0,1966,1,2860.0,10,0,870293.0
1069,Downtown,Townhouse,812.0,3.0,2.0,1989,0,2772.0,5,1,403177.0
1070,Downtown,Townhouse,1040.0,3.0,1.0,2015,0,1000.0,8,0,433187.0
1071,Downtown,Single Family,2017.0,6.0,2.0,1993,3,1248.0,3,0,816615.0
1072,Downtown,Townhouse,,,1.0,1972,0,1000.0,2,-1,387984.0
1073,Downtown,Single Family,2327.0,5.0,3.0,1955,0,1230.0,5,0,852424.0
1074,Downtown,Single Family,2325.0,6.0,3.0,2015,1,2794.0,8,0,901902.0
1075,Beachfront,Single Family,1667.0,4.0,,1970,3,1607.0,4,-1,882858.0
1076,Suburbs,Condo,1219.0,2.0,1.0,1984,1,6072.0,3,1,297308.0
1077,Downtown,Townhouse,1275.0,2.0,1.0,1978,1,2693.0,9,0,481841.0
1078,Suburbs,Condo,1315.0,3.0,2.0,1956,1,5050.0,9,-1,375602.0
1079,Downtown,Single Family,2333.0,3.0,2.0,2002,0,3096.0,1,1,760249.0
1080,Countryside,Condo,1230.0,2.0,1.0,1986,2,9364.0,7,-1,217144.0
1081,Suburbs,Single Family,2339.0,6.0,3.0,1972,1,5454.0,5,0,735461.0
1082,Downtown,Townhouse,1603.0,1.0,1.0,1957,1,2229.0,5,0,490428.0
1083,Suburbs,Condo,1056.0,3.0,1.0,1997,2,5633.0,6,-1,316381.0
1084,Countryside,Single Family,2170.0,6.0,2.0,1959,3,6593.0,6,0,467893.0
1085,Countryside,Condo,1581.0,2.0,1.0,1973,1,7882.0,6,0,240390.0
1086,Suburbs,Condo,1166.0,2.0,1.0,1996,0,4976.0,6,0,295198.0
1087,Suburbs,Single Family,2372.0,5.0,2.0,2002,2,4631.0,6,-1,711507.0
1088,Downtown,Condo,517.0,,1.0,1988,1,1210.0,7,-1,250133.0
1089,Beachfront,Single Family,1813.0,4.0,2.0,2016,3,2998.0,7,-1,977143.0
1090,Downtown,Condo,987.0,1.0,1.0,2015,3,2170.0,6,1,348847.0
1091,Countryside,Townhouse,1243.0,3.0,1.0,1955,0,8260.0,3,-1,221895.0
1092,Suburbs,Townhouse,1015.0,1.0,1.0,1970,3,6424.0,7,0,333738.0
1093,Suburbs,Condo,942.0,2.0,1.0,2022,1,4804.0,7,1,270901.0
1094,Suburbs,Condo,1376.0,2.0,1.0,1985,1,4611.0,7,1,361047.0
1095,Downtown,Single Family,2408.0,6.0,3.0,1952,0,3361.0,6,1,944475.0
1096,Downtown,Condo,557.0,2.0,1.0,1991,2,1000.0,4,1,289651.0
1097,Downtown,Single Family,2166.0,4.0,2.0,1994,1,2051.0,7,0,807619.0
1098,Downtown,Single Family,1958.0,2.0,,1993,1,1262.0,5,0,653480.0
1099,Suburbs,Single Family,2083.0,4.0,1.0,1982,3,5292.0,9,-1,634110.0
1100,Downtown,Single Family,,5.0,3.0,2009,1,2571.0,7,-1,816537.0
1101,Downtown,Condo,756.0,1.0,1.0,2019,1,2627.0,4,0,268900.0
1102,Beachfront,Single Family,1823.0,5.0,3.0,1975,2,3026.0,6,-1,1011004.0
1103,Countryside,Condo,861.0,2.0,1.0,1970,2,7747.0,8,1,206814.0
1104,Countryside,Single Family,2031.0,5.0,2.0,1951,3,7809.0,5,-1,423578.0
1105,Beachfront,Single Family,1321.0,3.0,1.0,1996,3,2526.0,6,-1,744583.0
1106,Downtown,Condo,1515.0,1.0,1.0,1979,1,2887.0,7,0,427376.0
1107,Downtown,Single Family,2526.0,5.0,2.0,1976,1,1000.0,7,-1,894064.0
1108,Suburbs,Single Family,2087.0,,3.0,2020,0,5314.0,3,1,652145.0
1109,Suburbs,Condo,905.0,1.0,1.0,1969,1,4604.0,6,1,258179.0
1110,Downtown,Single Family,1848.0,4.0,2.0,1999,1,2087.0,9,1,756105.0
1111,Countryside,Townhouse,1708.0,3.0,1.0,1972,2,7643.0,10,0,312210.0
1112,Downtown,Single Family,2769.0,4.0,1.0,1962,0,,7,1,910092.0
1113,Downtown,Single Family,2247.0,4.0,,1953,0,1000.0,10,-1,797024.0
1114,Suburbs,Condo,1207.0,3.0,2.0,1963,0,4848.0,6,1,350124.0
1115,Suburbs,Single Family,2252.0,4.0,1.0,1969,0,5358.0,6,-1,624585.0
1116,Suburbs,Single Family,1798.0,3.0,2.0,1962,1,4396.0,6,-1,526792.0
1117,Downtown,Single Family,2076.0,4.0,2.0,1952,0,3189.0,3,1,734214.0
1118,Countryside,Single Family,2239.0,6.0,3.0,1996,0,10458.0,6,0,467370.0
1119,Downtown,Townhouse,1063.0,1.0,1.0,1952,0,2413.0,6,1,388742.0
1120,Downtown,Single Family,2134.0,6.0,3.0,1950,2,1958.0,8,0,883631.0
1121,Countryside,Condo,872.0,3.0,2.0,1973,2,7087.0,7,1,197816.0
1122,Beachfront,Townhouse,1175.0,1.0,1.0,1984,0,2370.0,7,1,541662.0
1123,Countryside,Single Family,2215.0,3.0,2.0,1963,2,9477.0,5,0,413517.0
1124,Countryside,Townhouse,881.0,1.0,1.0,2016,1,9948.0,3,0,169447.0
1125,Suburbs,Single Family,1984.0,2.0,,1962,0,6396.0,5,0,523774.0
1126,Suburbs,Townhouse,814.0,1.0,1.0,1996,1,5843.0,7,1,288171.0
1127,Downtown,Single Family,2493.0,6.0,4.0,1999,0,2410.0,4,-1,922019.0
1128,Suburbs,Condo,500.0,1.0,1.0,1975,2,3951.0,6,0,184551.0
1129,Downtown,Single Family,2546.0,,3.0,1952,0,1900.0,5,0,939304.0
1130,Downtown,Single Family,,,2.0,2000,3,1784.0,7,-1,900791.0
1131,Suburbs,Condo,809.0,1.0,1.0,1989,0,4906.0,8,-1,235623.0
1132,Suburbs,Condo,500.0,1.0,1.0,2017,1,4280.0,7,0,190424.0
1133,Downtown,Single Family,2091.0,5.0,2.0,1985,3,2757.0,5,1,836637.0
1134,Downtown,Single Family,2180.0,4.0,2.0,2000,0,1726.0,6,0,780590.0
1135,Suburbs,Condo,596.0,1.0,1.0,1950,1,4644.0,3,0,204866.0
1136,Downtown,Condo,745.0,,2.0,1982,1,1283.0,3,0,300943.0
1137,Countryside,Townhouse,1659.0,3.0,1.0,1956,1,8232.0,3,0,282345.0
1138,Suburbs,Condo,1099.0,2.0,1.0,2001,0,6496.0,3,1,282569.0
1139,Suburbs,Townhouse,922.0,2.0,1.0,1960,0,4989.0,3,0,277694.0
1140,Suburbs,Condo,500.0,3.0,2.0,1976,1,5281.0,4,-1,233923.0
1141,Countryside,Single Family,2101.0,2.0,1.0,1963,1,9935.0,3,-1,350622.0
1142,Downtown,Single Family,2135.0,5.0,2.0,1995,1,3203.0,7,1,819029.0
1143,Suburbs,Condo,,1.0,1.0,1959,0,5587.0,10,1,283433.0
1144,Suburbs,Condo,739.0,1.0,1.0,1973,1,5545.0,8,-1,219721.0
1145,Downtown,Single Family,2353.0,4.0,1.0,2010,1,1396.0,1,-1,731851.0
1146,Countryside,Single Family,2780.0,5.0,3.0,1967,1,7299.0,6,0,531296.0
1147,Suburbs,Townhouse,1444.0,3.0,2.0,1958,1,5141.0,8,1,451324.0
1148,Suburbs,Condo,885.0,5.0,3.0,1966,0,5166.0,3,0,323594.0
1149,Countryside,Single Family,2145.0,5.0,2.0,2007,0,7150.0,8,1,450026.0
1150,Countryside,Single Family,2092.0,4.0,2.0,1962,0,8703.0,6,1,414013.0
1151,Suburbs,Single Family,2554.0,5.0,3.0,1999,1,4722.0,9,1,759139.0
1152,Countryside,Single Family,2011.0,4.0,1.0,1955,0,9127.0,8,0,395095.0
1153,Suburbs,Single Family,2213.0,3.0,2.0,2000,1,4944.0,7,0,633729.0
1154,Suburbs,Single Family,2215.0,4.0,1.0,1985,1,,7,1,637602.0
1155,Suburbs,Condo,749.0,1.0,1.0,2020,1,4062.0,4,0,217330.0
1156,Suburbs,Single Family,1788.0,2.0,1.0,1974,1,4172.0,3,-1,467077.0
1157,Downtown,Townhouse,1296.0,4.0,3.0,1960,0,3317.0,6,-1,513822.0
1158,Countryside,Townhouse,1181.0,2.0,1.0,1993,1,8268.0,3,0,222414.0
1159,Countryside,Single Family,2350.0,4.0,1.0,1963,3,8389.0,3,0,425086.0
1160,Downtown,Condo,739.0,1.0,1.0,1978,1,3600.0,5,0,276935.0
1161,Countryside,Single Family,2566.0,6.0,4.0,1999,2,6682.0,8,-1,533658.0
1162,Downtown,Townhouse,936.0,2.0,1.0,1954,2,2671.0,1,0,370307.0
1163,Downtown,Single Family,2713.0,6.0,3.0,2021,1,1000.0,4,-1,968675.0
1164,Suburbs,Condo,500.0,1.0,1.0,2018,0,4562.0,6,0,172724.0
1165,Downtown,Condo,1030.0,2.0,1.0,2006,1,1000.0,6,0,360876.0
1166,Countryside,Single Family,2342.0,4.0,2.0,1975,0,8858.0,3,1,438560.0
1167,Countryside,Single Family,1961.0,1.0,,1955,1,6110.0,10,1,347467.0
1168,Suburbs,Condo,1027.0,4.0,2.0,1965,2,4769.0,6,1,376451.0
1169,Downtown,Condo,1283.0,3.0,1.0,2009,2,1000.0,6,1,443276.0
1170,Downtown,Single Family,1534.0,3.0,2.0,1961,1,1145.0,1,0,594274.0
1171,Suburbs,Condo,1050.0,1.0,1.0,1952,1,4299.0,6,-1,252452.0
1172,Beachfront,Single Family,1452.0,2.0,1.0,2012,1,3319.0,8,0,745438.0
1173,Suburbs,Condo,610.0,1.0,1.0,2013,2,4664.0,4,0,206071.0
1174,Downtown,Single Family,2688.0,4.0,2.0,2011,2,3727.0,5,0,898332.0
1175,Suburbs,Townhouse,1025.0,4.0,3.0,1955,3,6936.0,1,0,399981.0
1176,Suburbs,Single Family,1847.0,2.0,1.0,1968,0,7113.0,10,1,537495.0
1177,Suburbs,Single Family,2140.0,3.0,,1967,1,4941.0,2,-1,553197.0
1178,Downtown,Single Family,2820.0,6.0,3.0,1992,0,2210.0,8,0,1014516.0
1179,Suburbs,Single Family,1650.0,5.0,3.0,2022,0,5377.0,5,1,565983.0
1180,Suburbs,Condo,584.0,1.0,1.0,1952,3,4632.0,6,1,243991.0
1181,Beachfront,Single Family,2649.0,4.0,2.0,2021,3,2424.0,7,-1,1227134.0
1182,Downtown,Townhouse,1757.0,5.0,3.0,1987,0,1064.0,3,1,645438.0
1183,Suburbs,Single Family,2168.0,5.0,3.0,2017,0,3124.0,6,-1,650145.0
1184,Countryside,Single Family,1828.0,4.0,3.0,1993,0,8714.0,5,1,370253.0
1185,Downtown,Single Family,2828.0,6.0,3.0,2012,2,,2,0,1005077.0
1186,Countryside,Single Family,2678.0,6.0,3.0,1991,0,7023.0,8,0,531557.0
1187,Suburbs,Single Family,2403.0,6.0,3.0,2013,0,4149.0,1,1,707206.0
1188,Downtown,Single Family,1956.0,3.0,2.0,2003,0,3515.0,7,-1,695109.0
1189,Downtown,Single Family,2185.0,6.0,3.0,2020,1,2464.0,5,-1,860132.0
1190,Suburbs,Single Family,,,2.0,1986,3,3477.0,3,0,659753.0
1191,Downtown,Condo,,2.0,1.0,1953,0,1000.0,7,-1,353680.0
1192,Suburbs,Condo,1335.0,1.0,,1951,1,4708.0,6,1,335539.0
1193,Downtown,Single Family,2463.0,5.0,2.0,1993,0,2476.0,5,0,868273.0
1194,Suburbs,Single Family,1876.0,3.0,1.0,2016,1,4205.0,6,-1,527551.0
1195,Downtown,Townhouse,1612.0,4.0,2.0,2017,1,1827.0,4,0,580437.0
1196,Countryside,Condo,993.0,,1.0,2011,0,8114.0,8,0,194529.0
1197,Beachfront,Condo,1106.0,1.0,1.0,1950,0,2135.0,5,-1,432974.0
1198,Beachfront,Single Family,2639.0,5.0,2.0,1966,2,1000.0,4,0,1230009.0
1199,Suburbs,Condo,566.0,2.0,1.0,1965,0,5221.0,7,1,215860.0
1200,Downtown,Condo,889.0,1.0,1.0,1958,1,,1,0,271979.0
1201,Suburbs,Condo,740.0,1.0,1.0,2002,1,4713.0,4,0,210299.0
1202,Downtown,Townhouse,729.0,1.0,1.0,2022,0,1498.0,5,0,313535.0
1203,Downtown,Single Family,2304.0,5.0,3.0,2008,1,1000.0,8,-1,879478.0
1204,Downtown,Single Family,2953.0,6.0,3.0,1958,2,2843.0,10,-1,1077342.0
1205,Suburbs,Condo,,1.0,1.0,1961,1,3876.0,7,1,210139.0
1206,Suburbs,Townhouse,1190.0,,1.0,1990,0,4477.0,6,1,333300.0
1207,Suburbs,Single Family,2392.0,5.0,2.0,1964,1,5878.0,7,-1,680315.0
1208,Suburbs,Single Family,2236.0,5.0,3.0,2015,1,4448.0,6,0,672325.0
1209,Downtown,Single Family,,4.0,2.0,1960,1,1241.0,4,1,797515.0
1210,Beachfront,Single Family,1810.0,3.0,2.0,1957,1,1731.0,10,-1,909503.0
1211,Suburbs,Condo,969.0,1.0,1.0,2004,0,5540.0,3,-1,225826.0
1212,Suburbs,Condo,672.0,,2.0,1955,1,6446.0,5,1,247783.0
1213,Downtown,Single Family,1543.0,2.0,1.0,2002,1,1063.0,8,1,597209.0
1214,Suburbs,Single Family,2558.0,,3.0,1969,1,4144.0,7,-1,709470.0
1215,Suburbs,Single Family,2487.0,6.0,3.0,1988,1,4723.0,1,0,729339.0
1216,Downtown,Single Family,2215.0,4.0,2.0,2021,0,2230.0,1,-1,707889.0
1217,Downtown,Condo,,2.0,2.0,1983,1,1229.0,6,0,377206.0
1218,Suburbs,Townhouse,1522.0,,2.0,2006,3,5688.0,6,1,502353.0
1219,Suburbs,Townhouse,1267.0,2.0,1.0,1968,1,4082.0,6,0,372115.0
1220,Downtown,Single Family,2471.0,6.0,4.0,2020,1,1000.0,5,0,961963.0
1221,Beachfront,Townhouse,1110.0,1.0,1.0,1980,1,2531.0,10,0,564137.0
1222,Downtown,Condo,1293.0,2.0,1.0,1989,3,2647.0,4,-1,400587.0
1223,Suburbs,Condo,,2.0,2.0,1963,3,6044.0,6,-1,311384.0
1224,Countryside,Single Family,2258.0,3.0,1.0,1986,1,6008.0,6,1,413895.0
1225,Suburbs,Single Family,1818.0,4.0,2.0,1993,0,,3,0,545765.0
1226,Suburbs,Single Family,2286.0,5.0,3.0,1958,3,4748.0,4,-1,699216.0
1227,Downtown,Single Family,1950.0,4.0,2.0,2007,1,3756.0,9,0,761942.0
1228,Downtown,Single Family,2008.0,,2.0,1969,1,1840.0,8,1,846331.0
1229,Beachfront,Single Family,1955.0,4.0,2.0,1999,2,1000.0,3,0,981217.0
1230,Suburbs,Single Family,1880.0,5.0,2.0,1969,1,5296.0,8,0,624883.0
1231,Countryside,Condo,1537.0,2.0,1.0,1985,0,9309.0,4,-1,238358.0
1232,Downtown,Single Family,2599.0,6.0,3.0,1976,2,3096.0,7,-1,980970.0
1233,Downtown,Single Family,2776.0,6.0,3.0,2021,1,2561.0,2,1,997263.0
1234,Downtown,Townhouse,833.0,1.0,1.0,1981,1,2262.0,8,0,348771.0
1235,Suburbs,Townhouse,1221.0,3.0,2.0,1950,0,2732.0,2,1,367567.0
1236,Downtown,Condo,511.0,3.0,2.0,1966,1,2025.0,6,1,312742.0
1237,Countryside,Townhouse,991.0,1.0,1.0,1958,0,8178.0,7,1,169003.0
1238,Suburbs,Condo,624.0,1.0,1.0,1994,1,4840.0,3,-1,177608.0
1239,Beachfront,Townhouse,1571.0,3.0,1.0,2015,1,2707.0,6,-1,701273.0
1240,Downtown,Single Family,2081.0,4.0,2.0,1981,2,1824.0,1,0,742938.0
1241,Countryside,Single Family,2520.0,4.0,2.0,1994,1,7631.0,7,-1,462566.0
1242,Suburbs,Single Family,2381.0,,1.0,1958,2,6038.0,5,1,660960.0
1243,Suburbs,Single Family,2891.0,5.0,3.0,1979,2,4586.0,6,1,818400.0
1244,Countryside,Single Family,1756.0,5.0,2.0,1987,1,8064.0,9,0,377863.0
1245,Suburbs,Condo,1277.0,2.0,1.0,2009,0,5897.0,5,-1,303714.0
1246,Suburbs,Condo,1243.0,2.0,2.0,1950,2,3989.0,1,-1,300122.0
1247,Downtown,Condo,607.0,1.0,1.0,1954,1,1000.0,7,0,257840.0
1248,Downtown,Single Family,2502.0,4.0,2.0,2012,0,3357.0,7,1,875647.0
1249,Countryside,Townhouse,1300.0,2.0,1.0,1985,0,7407.0,10,0,243173.0
1250,Suburbs,Condo,,2.0,2.0,2014,2,5692.0,3,-1,262803.0
1251,Suburbs,Single Family,1952.0,5.0,2.0,2022,0,3224.0,5,-1,572934.0
1252,Suburbs,Condo,684.0,1.0,1.0,1973,0,2496.0,8,1,227789.0
1253,Downtown,Single Family,2814.0,6.0,3.0,1953,1,2364.0,8,0,1024904.0
1254,Downtown,Single Family,2200.0,5.0,3.0,2017,2,1872.0,7,1,882338.0
1255,Suburbs,Townhouse,1434.0,3.0,1.0,1974,1,5373.0,4,1,426116.0
1256,Suburbs,Single Family,,4.0,1.0,1956,0,6874.0,4,0,534608.0
1257,Downtown,Single Family,1966.0,2.0,1.0,1962,0,1000.0,3,-1,621224.0
1258,Suburbs,Townhouse,1524.0,3.0,2.0,2017,1,5038.0,9,0,447813.0
1259,Downtown,Condo,500.0,1.0,1.0,1992,0,3477.0,3,0,218690.0
1260,Suburbs,Single Family,2075.0,5.0,3.0,2006,1,3907.0,6,1,678673.0
1261,Downtown,Single Family,2210.0,4.0,2.0,1985,0,1415.0,6,-1,771304.0
1262,Suburbs,Single Family,2233.0,6.0,3.0,1963,3,3232.0,5,-1,701816.0
1263,Downtown,Condo,846.0,1.0,1.0,2021,1,4237.0,5,0,298724.0
1264,Suburbs,Single Family,2318.0,3.0,3.0,1976,0,2795.0,7,-1,658595.0
1265,Downtown,Single Family,2407.0,5.0,3.0,1986,2,2798.0,5,0,902112.0
1266,Downtown,Townhouse,1420.0,3.0,1.0,2020,0,1000.0,4,-1,468992.0
1267,Downtown,Condo,604.0,2.0,2.0,1974,1,1000.0,5,-1,281030.0
1268,Suburbs,Single Family,2114.0,4.0,3.0,2016,2,,8,0,668155.0
1269,Suburbs,Condo,1258.0,1.0,1.0,1953,1,4257.0,10,0,319129.0
1270,Downtown,Condo,1168.0,2.0,1.0,1965,1,2651.0,7,0,392845.0
1271,Suburbs,Single Family,1788.0,2.0,1.0,1968,1,6380.0,7,-1,487077.0
1272,Countryside,Single Family,2305.0,4.0,2.0,1978,0,8200.0,6,1,426638.0
1273,Suburbs,Townhouse,606.0,1.0,1.0,2000,0,5889.0,7,-1,240220.0
1274,Downtown,Single Family,2214.0,4.0,2.0,1967,2,2080.0,10,-1,827034.0
1275,Suburbs,Condo,1469.0,3.0,1.0,2007,1,5127.0,6,0,401983.0
1276,Downtown,Single Family,1915.0,3.0,1.0,1993,0,1365.0,2,-1,622249.0
1277,Downtown,Single Family,1949.0,3.0,2.0,1965,0,3928.0,10,0,729999.0
1278,Beachfront,Single Family,2429.0,5.0,3.0,2014,3,2742.0,7,1,1265908.0
1279,Downtown,Single Family,1737.0,4.0,2.0,1951,3,2521.0,5,0,707071.0
1280,Suburbs,Single Family,2010.0,5.0,,2005,1,5770.0,10,0,665134.0
1281,Suburbs,Single Family,2378.0,,2.0,1977,2,4322.0,5,0,689677.0
1282,Suburbs,Townhouse,1009.0,2.0,1.0,2014,2,5930.0,5,-1,305754.0
1283,Suburbs,Townhouse,1129.0,2.0,1.0,1954,0,6555.0,7,0,351846.0
1284,Downtown,Condo,1123.0,2.0,1.0,1971,0,1000.0,4,0,359997.0
1285,Downtown,Townhouse,1326.0,1.0,1.0,1962,0,2541.0,7,1,458981.0
1286,Suburbs,Single Family,2280.0,5.0,2.0,2014,2,5062.0,3,-1,667248.0
1287,Downtown,Townhouse,1098.0,2.0,1.0,1965,2,1480.0,3,0,404987.0
1288,Downtown,Single Family,2311.0,5.0,2.0,2013,1,1000.0,6,1,849604.0
1289,Downtown,Townhouse,1162.0,1.0,1.0,1981,0,3051.0,6,1,399399.0
1290,Downtown,Townhouse,,,1.0,2000,1,2207.0,3,1,460918.0
1291,Downtown,Condo,750.0,1.0,1.0,2007,2,1792.0,10,0,332443.0
1292,Downtown,Townhouse,1145.0,2.0,2.0,1995,2,2542.0,6,0,460454.0
1293,Suburbs,Condo,603.0,2.0,1.0,2001,0,4872.0,3,1,241663.0
1294,Suburbs,Single Family,2189.0,4.0,2.0,2012,1,4295.0,5,-1,611674.0
1295,Countryside,Single Family,1956.0,4.0,,2009,0,8128.0,8,-1,392910.0
1296,Downtown,Condo,565.0,1.0,1.0,2014,2,1971.0,6,1,270015.0
1297,Downtown,Single Family,2277.0,4.0,2.0,2004,1,1000.0,3,0,794062.0
1298,Downtown,Condo,963.0,1.0,1.0,2006,0,1370.0,3,1,303745.0
1299,Suburbs,Townhouse,1434.0,3.0,2.0,2020,2,3735.0,6,1,445514.0
1300,Suburbs,Single Family,2070.0,5.0,3.0,2022,0,3348.0,5,1,642813.0
1301,Downtown,Condo,1022.0,4.0,2.0,1975,2,2467.0,7,-1,431475.0
1302,Countryside,Townhouse,1365.0,2.0,1.0,1961,0,7331.0,9,0,263361.0
1303,Downtown,Townhouse,1333.0,3.0,1.0,2020,1,3041.0,4,1,483250.0
1304,Suburbs,Townhouse,952.0,,1.0,1995,3,3171.0,8,1,331515.0
1305,Suburbs,Condo,944.0,1.0,1.0,1996,1,4702.0,9,0,274931.0
1306,Countryside,Townhouse,1309.0,2.0,2.0,1987,1,7384.0,9,-1,266828.0
1307,Suburbs,Condo,902.0,2.0,1.0,1970,1,3422.0,10,1,316630.0
1308,Countryside,Single Family,1574.0,5.0,3.0,1963,0,8005.0,8,0,382786.0
1309,Downtown,Single Family,2248.0,4.0,2.0,1951,1,1000.0,6,0,802000.0
1310,Countryside,Condo,1563.0,1.0,1.0,2021,2,8222.0,6,0,230320.0
1311,Downtown,Single Family,2091.0,5.0,3.0,2019,3,2720.0,6,0,847198.0
1312,Countryside,Condo,681.0,1.0,1.0,1982,2,8267.0,8,1,158641.0
1313,Suburbs,Condo,1012.0,1.0,1.0,1955,1,5393.0,5,0,263157.0
1314,Countryside,Single Family,,5.0,1.0,1986,2,9031.0,3,0,439205.0
1315,Suburbs,Condo,1257.0,3.0,1.0,1963,2,4973.0,3,-1,333245.0
1316,Suburbs,Condo,522.0,1.0,1.0,1986,1,4173.0,8,0,211649.0
1317,Suburbs,Single Family,2419.0,5.0,2.0,1957,0,4391.0,7,0,705461.0
1318,Suburbs,Single Family,2377.0,4.0,2.0,1962,1,4412.0,6,1,673311.0
1319,Downtown,Single Family,2157.0,4.0,2.0,1989,2,1000.0,4,0,801364.0
1320,Downtown,Single Family,2301.0,3.0,2.0,2007,1,2784.0,7,0,788704.0
1321,Downtown,Townhouse,1508.0,3.0,2.0,1967,2,2526.0,1,0,531479.0
1322,Downtown,Single Family,2461.0,4.0,2.0,2006,0,1000.0,6,0,837053.0
1323,Countryside,Condo,557.0,1.0,1.0,1987,3,7173.0,5,0,142762.0
1324,Downtown,Single Family,2446.0,5.0,3.0,1981,1,1000.0,10,0,939722.0
1325,Beachfront,Single Family,2180.0,5.0,3.0,2015,1,2317.0,6,0,1109616.0
1326,Downtown,Townhouse,1221.0,4.0,2.0,1974,0,3076.0,6,0,495693.0
1327,Downtown,Condo,921.0,1.0,1.0,2007,0,2448.0,7,-1,305492.0
1328,Suburbs,Single Family,2154.0,3.0,1.0,1982,2,4298.0,6,1,609979.0
1329,Suburbs,Single Family,2557.0,5.0,2.0,2015,3,4681.0,4,1,745434.0
1330,Suburbs,Single Family,2174.0,5.0,2.0,1979,1,3607.0,6,0,643791.0
1331,Suburbs,Single Family,1864.0,4.0,2.0,1983,0,3683.0,9,0,579504.0
1332,Suburbs,Condo,781.0,1.0,1.0,2018,1,5846.0,6,1,248809.0
1333,Downtown,Single Family,2253.0,4.0,2.0,1997,0,3444.0,7,-1,778366.0
1334,Beachfront,Single Family,2568.0,6.0,3.0,1989,0,1285.0,10,1,1333640.0
1335,Beachfront,Single Family,2380.0,6.0,3.0,2000,2,2048.0,8,-1,1254768.0
1336,Suburbs,Townhouse,944.0,1.0,1.0,1962,3,5720.0,7,0,311500.0
1337,Downtown,Townhouse,1945.0,3.0,1.0,1980,0,1000.0,7,1,617057.0
1338,Suburbs,Single Family,2279.0,,2.0,1988,1,3951.0,9,0,664356.0
1339,Downtown,Condo,1282.0,2.0,1.0,2012,0,3993.0,10,0,406232.0
1340,Downtown,Single Family,2154.0,6.0,3.0,1997,0,1042.0,10,1,885617.0
1341,Downtown,Single Family,2360.0,4.0,2.0,1997,0,1638.0,7,1,823691.0
1342,Suburbs,Condo,1151.0,1.0,1.0,2010,1,4397.0,5,0,280641.0
1343,Countryside,Townhouse,1565.0,3.0,1.0,1961,0,6005.0,3,0,273120.0
1344,Suburbs,Townhouse,1517.0,2.0,1.0,2005,1,5082.0,5,0,415146.0
1345,Suburbs,Condo,1161.0,1.0,1.0,1967,0,4974.0,9,1,302664.0
1346,Suburbs,Single Family,2105.0,,1.0,1976,0,5180.0,8,1,592665.0
1347,Downtown,Condo,728.0,2.0,1.0,1977,0,1915.0,6,1,297523.0
1348,Downtown,Single Family,2299.0,4.0,3.0,2001,2,1540.0,6,1,876105.0
1349,Beachfront,Condo,1179.0,,1.0,1965,2,1482.0,5,-1,474186.0
1350,Downtown,Single Family,2133.0,5.0,2.0,2007,2,1499.0,6,1,848568.0
1351,Countryside,Condo,1219.0,2.0,2.0,1958,1,7011.0,7,1,223863.0
1352,Suburbs,Single Family,2635.0,5.0,2.0,1975,1,4166.0,6,1,761520.0
1353,Suburbs,Single Family,,4.0,1.0,1977,1,4028.0,3,-1,540460.0
1354,Suburbs,Townhouse,948.0,2.0,1.0,1985,0,5573.0,6,1,312714.0
1355,Suburbs,Single Family,2157.0,6.0,3.0,1958,2,5306.0,4,-1,683499.0
1356,Countryside,Condo,992.0,2.0,1.0,1996,1,8027.0,10,-1,186349.0
1357,Countryside,Single Family,2042.0,,3.0,2000,1,9942.0,5,0,444429.0
1358,Suburbs,Single Family,2605.0,5.0,3.0,2006,1,4074.0,9,0,771937.0
1359,Downtown,Single Family,2327.0,3.0,2.0,1981,1,3118.0,4,0,764994.0
1360,Suburbs,Single Family,2211.0,5.0,2.0,2016,3,4739.0,3,1,680795.0
1361,Countryside,Townhouse,769.0,1.0,1.0,2006,1,8157.0,7,0,189148.0
1362,Downtown,Single Family,1805.0,2.0,2.0,2003,1,2671.0,7,-1,643338.0
1363,Suburbs,Townhouse,,2.0,2.0,1965,1,4522.0,6,-1,383672.0
1364,Suburbs,Condo,500.0,1.0,1.0,2011,3,3943.0,4,1,215077.0
1365,Suburbs,Single Family,,6.0,2.0,2005,1,4108.0,1,-1,688024.0
1366,Downtown,Condo,852.0,2.0,1.0,1972,1,1000.0,7,-1,328907.0
1367,Suburbs,Condo,1872.0,4.0,3.0,1966,0,5606.0,3,0,440590.0
1368,Countryside,Condo,1592.0,2.0,1.0,1987,2,8582.0,5,0,246916.0
1369,Downtown,Single Family,2145.0,4.0,3.0,2021,0,3583.0,7,1,810241.0
1370,Downtown,Single Family,2168.0,3.0,2.0,1979,1,2414.0,2,1,736218.0
1371,Beachfront,Townhouse,1498.0,4.0,2.0,2007,2,2655.0,3,1,796789.0
1372,Downtown,Townhouse,1710.0,4.0,3.0,1971,3,1918.0,2,0,636274.0
1373,Countryside,Townhouse,708.0,1.0,1.0,1966,1,8464.0,10,0,199100.0
1374,Suburbs,Single Family,1664.0,3.0,1.0,1964,2,6089.0,5,0,507435.0
1375,Downtown,Condo,713.0,3.0,1.0,1997,0,2181.0,9,0,323791.0
1376,Countryside,Single Family,2374.0,3.0,2.0,1981,2,7478.0,4,-1,416905.0
1377,Suburbs,Single Family,2349.0,4.0,2.0,1989,1,4779.0,7,0,668616.0
1378,Suburbs,Single Family,2520.0,6.0,3.0,2006,1,5751.0,4,-1,732582.0
1379,Downtown,Condo,540.0,1.0,1.0,2007,2,1508.0,6,1,268261.0
1380,Suburbs,Single Family,1505.0,3.0,2.0,1965,2,5889.0,8,1,528737.0
1381,Downtown,Single Family,2457.0,6.0,4.0,1977,0,3908.0,8,-1,946653.0
1382,Downtown,Townhouse,951.0,2.0,1.0,1950,2,2901.0,7,-1,401899.0
1383,Beachfront,Single Family,1594.0,1.0,1.0,1990,0,2747.0,8,1,763266.0
1384,Downtown,Single Family,2243.0,4.0,,1997,2,2347.0,4,0,800286.0
1385,Suburbs,Single Family,2437.0,6.0,3.0,1980,1,4223.0,6,1,768138.0
1386,Downtown,Townhouse,1163.0,4.0,2.0,1985,0,1132.0,6,0,505936.0
1387,Suburbs,Condo,762.0,1.0,1.0,1982,1,4122.0,8,1,261939.0
1388,Downtown,Single Family,2152.0,6.0,3.0,1982,1,,4,1,849401.0
1389,Beachfront,Townhouse,1088.0,2.0,2.0,1972,1,1610.0,9,-1,608976.0
1390,Suburbs,Townhouse,795.0,1.0,1.0,2009,0,4971.0,6,-1,235637.0
1391,Downtown,Single Family,1985.0,3.0,1.0,1979,0,2418.0,7,0,668594.0
1392,Downtown,Condo,1056.0,1.0,1.0,1994,2,1159.0,4,1,369731.0
1393,Downtown,Condo,996.0,,1.0,1988,0,1498.0,6,-1,334134.0
1394,Suburbs,Condo,950.0,2.0,1.0,1994,1,5322.0,7,0,286547.0
1395,Downtown,Single Family,1901.0,4.0,1.0,1961,1,1709.0,6,0,701680.0
1396,Countryside,Townhouse,1145.0,1.0,1.0,1981,0,7802.0,9,1,225820.0
1397,Suburbs,Condo,500.0,1.0,1.0,2005,1,3967.0,7,1,204607.0
1398,Downtown,Single Family,2253.0,3.0,2.0,1973,1,1816.0,6,0,770758.0
1399,Suburbs,Single Family,2628.0,6.0,3.0,1962,1,,8,-1,779229.0
1400,Suburbs,Single Family,1757.0,4.0,2.0,1969,1,4553.0,7,-1,551131.0
1401,Downtown,Single Family,2024.0,4.0,2.0,2005,1,1000.0,7,0,749784.0
1402,Downtown,Condo,998.0,1.0,1.0,2002,1,2958.0,4,0,318556.0
1403,Downtown,Single Family,2575.0,5.0,2.0,2017,2,2523.0,5,0,899125.0
1404,Suburbs,Single Family,2065.0,3.0,2.0,2003,0,5212.0,7,1,613203.0
1405,Suburbs,Condo,692.0,1.0,1.0,1983,3,3681.0,8,0,246975.0
1406,Suburbs,Single Family,1609.0,2.0,1.0,1977,1,3823.0,5,1,459286.0
1407,Countryside,Townhouse,1231.0,2.0,1.0,1999,2,6462.0,4,-1,235132.0
1408,Countryside,Single Family,2812.0,6.0,3.0,1951,1,8431.0,6,-1,525534.0
1409,Suburbs,Single Family,2283.0,3.0,3.0,1975,1,6019.0,2,0,620708.0
1410,Countryside,Single Family,2193.0,6.0,3.0,2000,3,8465.0,7,0,491555.0
1411,Downtown,Single Family,2296.0,6.0,3.0,1996,0,3949.0,7,0,881834.0
1412,Downtown,Single Family,2196.0,4.0,2.0,1975,0,,5,1,806497.0
1413,Downtown,Condo,656.0,1.0,1.0,2010,0,1676.0,8,0,288449.0
1414,Downtown,Townhouse,1446.0,3.0,2.0,1972,3,2106.0,6,0,557746.0
1415,Suburbs,Single Family,2267.0,6.0,2.0,1986,1,4770.0,7,1,702767.0
1416,Countryside,Condo,905.0,1.0,1.0,1990,1,,4,0,154700.0
1417,Downtown,Condo,607.0,2.0,2.0,2001,2,1360.0,6,-1,296235.0
1418,Downtown,Townhouse,1591.0,2.0,1.0,1998,1,1000.0,8,-1,529103.0
1419,Suburbs,Single Family,2399.0,3.0,2.0,1976,2,3210.0,4,1,654873.0
1420,Countryside,Single Family,2034.0,5.0,2.0,1955,1,8480.0,5,1,412384.0
1421,Downtown,Single Family,2500.0,6.0,3.0,2015,2,1474.0,5,-1,939015.0
1422,Suburbs,Condo,750.0,3.0,2.0,1973,0,,3,0,242092.0
1423,Downtown,Townhouse,965.0,1.0,1.0,1987,0,1380.0,4,1,361679.0
1424,Downtown,Single Family,1972.0,4.0,1.0,1977,1,3952.0,4,1,726999.0
1425,Beachfront,Single Family,1668.0,3.0,1.0,1977,1,1000.0,9,0,854002.0
1426,Beachfront,Townhouse,1341.0,3.0,2.0,2015,1,2727.0,7,1,708093.0
1427,Downtown,Townhouse,,1.0,1.0,2010,1,2421.0,5,0,296487.0
1428,Beachfront,Townhouse,831.0,1.0,1.0,1995,0,3341.0,7,-1,410970.0
1429,Suburbs,Condo,500.0,1.0,1.0,2018,1,4876.0,1,-1,150122.0
1430,Countryside,Single Family,2174.0,5.0,2.0,1992,1,6439.0,6,0,434746.0
1431,Suburbs,Condo,854.0,1.0,1.0,2008,0,5992.0,4,0,210813.0
1432,Suburbs,Condo,,2.0,1.0,1951,1,4750.0,3,1,245457.0
1433,Suburbs,Single Family,1887.0,5.0,3.0,1964,1,6274.0,8,-1,611270.0
1434,Suburbs,Condo,548.0,1.0,1.0,1986,1,5815.0,3,0,199261.0
1435,Downtown,Condo,1039.0,3.0,2.0,2020,0,2995.0,8,-1,386966.0
1436,Downtown,Single Family,2034.0,5.0,2.0,1969,3,4368.0,6,1,823532.0
1437,Downtown,Condo,994.0,1.0,1.0,1984,1,2281.0,1,1,317744.0
1438,Suburbs,Condo,634.0,2.0,1.0,1983,0,6442.0,7,-1,209716.0
1439,Downtown,Townhouse,1254.0,2.0,1.0,1980,1,1595.0,6,0,438976.0
1440,Suburbs,Single Family,2590.0,6.0,3.0,1968,2,5540.0,5,-1,774875.0
1441,Beachfront,Single Family,2375.0,6.0,3.0,2017,1,1497.0,4,0,1198769.0
1442,Downtown,Condo,776.0,1.0,1.0,1973,2,2479.0,2,-1,274410.0
1443,Suburbs,Single Family,,3.0,2.0,1988,0,5374.0,9,0,631850.0
1444,Suburbs,Condo,827.0,1.0,1.0,2003,2,2939.0,6,1,259291.0
1445,Countryside,Condo,902.0,3.0,1.0,1988,1,7388.0,2,0,184631.0
1446,Downtown,Single Family,2102.0,4.0,3.0,1966,0,,8,-1,773652.0
1447,Suburbs,Condo,,2.0,2.0,1968,1,2742.0,4,0,257898.0
1448,Countryside,Condo,,2.0,2.0,1997,3,7904.0,4,0,213018.0
1449,Countryside,Single Family,1901.0,4.0,2.0,1984,2,9008.0,4,0,393789.0
1450,Suburbs,Townhouse,895.0,2.0,2.0,1981,1,,6,-1,306326.0
1451,Suburbs,Townhouse,783.0,1.0,1.0,1996,0,4217.0,2,1,247957.0
1452,Suburbs,Condo,500.0,1.0,1.0,1996,1,6364.0,6,0,197401.0
1453,Countryside,Condo,534.0,1.0,1.0,2013,0,9208.0,8,-1,134433.0
1454,Suburbs,Single Family,2247.0,5.0,3.0,1995,0,2852.0,3,-1,632572.0
1455,Downtown,Townhouse,932.0,1.0,1.0,1984,1,2115.0,5,1,363359.0
1456,Countryside,Condo,1054.0,3.0,1.0,1966,2,8226.0,5,-1,215298.0
1457,Suburbs,Condo,910.0,1.0,1.0,1991,1,6518.0,6,1,277772.0
1458,Suburbs,Townhouse,609.0,1.0,1.0,1978,0,5286.0,9,0,233641.0
1459,Downtown,Single Family,2396.0,4.0,2.0,2019,1,3393.0,5,0,833591.0
1460,Suburbs,Townhouse,1443.0,2.0,1.0,1966,3,4219.0,2,1,401193.0
1461,Downtown,Single Family,1901.0,3.0,2.0,1963,2,1000.0,5,-1,677559.0
1462,Suburbs,Single Family,2326.0,6.0,2.0,1973,1,4352.0,3,0,686125.0
1463,Downtown,Single Family,1943.0,3.0,1.0,2006,3,3576.0,7,0,706214.0
1464,Suburbs,Townhouse,1229.0,3.0,1.0,1999,2,5925.0,1,1,370327.0
1465,Beachfront,Townhouse,820.0,1.0,1.0,2006,0,4322.0,4,0,399620.0
1466,Downtown,Condo,500.0,1.0,1.0,2010,1,1000.0,6,0,241699.0
1467,Beachfront,Condo,785.0,1.0,1.0,1988,3,3041.0,4,-1,384902.0
1468,Suburbs,Condo,862.0,1.0,1.0,2004,1,5754.0,6,0,240742.0
1469,Countryside,Townhouse,1080.0,1.0,1.0,1985,0,7714.0,3,-1,196534.0
1470,Suburbs,Single Family,1844.0,4.0,,1986,1,5775.0,9,-1,578708.0
1471,Suburbs,Single Family,2080.0,5.0,3.0,1963,1,5139.0,4,-1,650782.0
1472,Suburbs,Single Family,2280.0,3.0,2.0,1976,3,5460.0,9,0,672463.0
1473,Countryside,Condo,886.0,3.0,1.0,1980,1,8680.0,5,0,195155.0
1474,Suburbs,Condo,954.0,,1.0,2022,1,5980.0,7,0,272305.0
1475,Downtown,Single Family,1998.0,,2.0,1993,2,2086.0,4,0,743064.0
1476,Suburbs,Single Family,2551.0,5.0,2.0,2017,1,,7,1,741172.0
1477,Countryside,Townhouse,847.0,1.0,1.0,1997,0,7784.0,5,1,190130.0
1478,Suburbs,Single Family,2346.0,5.0,2.0,2006,3,6883.0,6,0,706371.0
1479,Suburbs,Condo,1254.0,3.0,1.0,1971,1,3872.0,7,1,338686.0
1480,Suburbs,Townhouse,,1.0,1.0,1953,1,4014.0,6,1,367979.0
1481,Countryside,Single Family,2139.0,,,2021,1,7073.0,6,0,417639.0
1482,Downtown,Single Family,2041.0,4.0,2.0,1995,0,2956.0,2,0,708490.0
1483,Suburbs,Condo,1210.0,3.0,1.0,2008,3,4194.0,4,-1,329270.0
1484,Downtown,Townhouse,773.0,2.0,1.0,1983,1,3490.0,6,1,357290.0
1485,Downtown,Condo,608.0,1.0,1.0,1960,1,1473.0,1,-1,226239.0
1486,Downtown,Townhouse,1080.0,1.0,1.0,1980,0,,4,-1,347233.0
1487,Downtown,Single Family,2571.0,5.0,3.0,1960,1,2640.0,4,0,918404.0
1488,Suburbs,Condo,1013.0,1.0,1.0,2005,2,3984.0,4,1,269036.0
1489,Downtown,Condo,609.0,1.0,1.0,1987,2,1000.0,6,0,285362.0
1490,Suburbs,Townhouse,1106.0,2.0,1.0,1970,3,5282.0,6,1,370207.0
1491,Downtown,Single Family,2015.0,3.0,1.0,1959,1,1722.0,9,1,716589.0
1492,Downtown,Townhouse,987.0,2.0,1.0,1975,2,2498.0,5,0,406599.0
1493,Downtown,Condo,1193.0,1.0,1.0,1957,1,1000.0,9,0,380357.0
1494,Downtown,Single Family,1788.0,3.0,1.0,1957,2,1643.0,7,0,670361.0
1495,Suburbs,Single Family,2682.0,5.0,4.0,2009,2,4818.0,9,1,834936.0
1496,Suburbs,Townhouse,1448.0,4.0,2.0,2021,1,2562.0,8,1,472885.0
1497,Suburbs,Single Family,2527.0,5.0,3.0,1983,1,5995.0,7,1,772123.0
1498,Suburbs,Single Family,2061.0,2.0,1.0,1965,0,4242.0,5,-1,516055.0
1499,Downtown,Single Family,2155.0,3.0,3.0,1962,1,3499.0,4,0,757334.0
1500,Countryside,Townhouse,770.0,1.0,1.0,1971,3,7307.0,4,-1,154868.0
